match_id,competition,season,stage,group,match_date,home_team,away_team,home_score,away_score,stadium,referee
762774,Liga Profesional,2026,torneo-apertura,,2026-01-22,Aldosivi,Defensa y Justicia,0,0,José María Minella,
762776,Liga Profesional,2026,torneo-apertura,,2026-01-22,Banfield,Huracán,1,1,Florencio Solá,
762788,Liga Profesional,2026,torneo-apertura,,2026-01-22,Unión (Santa Fe),Platense,0,0,15 de Abril,
762779,Liga Profesional,2026,torneo-apertura,,2026-01-23,Central Córdoba (Santiago del Estero),Gimnasia (Mendoza),0,1,'Estadio Único Madre de Ciudades,
762783,Liga Profesional,2026,torneo-apertura,,2026-01-23,Instituto (Córdoba),Vélez Sarsfield,0,1,Monumental Presidente Perón,
762785,Liga Profesional,2026,torneo-apertura,,2026-01-23,San Lorenzo,Lanús,2,3,Estadio Pedro Bidegain,
762781,Liga Profesional,2026,torneo-apertura,,2026-01-23,Independiente,Estudiantes de La Plata,1,1,Estadio Libertadores de América,
762782,Liga Profesional,2026,torneo-apertura,,2026-01-24,Independiente Rivadavia,Atlético Tucumán,2,1,Bautista Gargantini,
762786,Liga Profesional,2026,torneo-apertura,,2026-01-24,Talleres (Córdoba),Newell's Old Boys,2,1,Mario Alberto Kempes,
762777,Liga Profesional,2026,torneo-apertura,,2026-01-24,Barracas Central,River Plate,0,1,Estadio Claudio Chiqui Tapia,
762780,Liga Profesional,2026,torneo-apertura,,2026-01-24,Gimnasia La Plata,Racing Club,2,1,Juan Carmelo Zerillo (El Bosque),
762784,Liga Profesional,2026,torneo-apertura,,2026-01-25,Rosario Central,Belgrano (Córdoba),1,2,Gigante de Arroyito,
762778,Liga Profesional,2026,torneo-apertura,,2026-01-25,Boca Juniors,Deportivo Riestra,1,0,Alberto José Armando (La Bombonera),
762775,Liga Profesional,2026,torneo-apertura,,2026-01-26,Argentinos Juniors,Sarmiento (Junín),1,0,Diego Armando Maradona,
762787,Liga Profesional,2026,torneo-apertura,,2026-01-26,Tigre,Estudiantes de Río Cuarto,2,0,Monumental de Victoria (José Dellagiovanna),
762799,Liga Profesional,2026,torneo-apertura,,2026-01-26,Platense,Instituto (Córdoba),2,1,Ciudad de Vicente López,
762802,Liga Profesional,2026,torneo-apertura,,2026-01-27,Vélez Sarsfield,Talleres (Córdoba),2,1,José Amalfitani,
762795,Liga Profesional,2026,torneo-apertura,,2026-01-27,Gimnasia (Mendoza),San Lorenzo,0,1,Estadio Víctor Antonio Legrotaglie,
762796,Liga Profesional,2026,torneo-apertura,,2026-01-27,Huracán,Independiente Rivadavia,1,2,Estadio Tomás Adolfo Ducó,
762803,Liga Profesional,2026,torneo-apertura,,2026-01-28,Atlético Tucumán,Central Córdoba (Santiago del Estero),0,0,Monumental Presidente José Fierro,
762798,Liga Profesional,2026,torneo-apertura,,2026-01-28,Newell's Old Boys,Independiente,1,1,Marcelo Bielsa,
762789,Liga Profesional,2026,torneo-apertura,,2026-01-28,Aldosivi,Barracas Central,0,0,José María Minella,
762800,Liga Profesional,2026,torneo-apertura,,2026-01-28,Racing Club,Rosario Central,1,2,Presidente Perón (Cilindro de Avellaneda),
762801,Liga Profesional,2026,torneo-apertura,,2026-01-28,River Plate,Gimnasia La Plata,2,0,Estadio Más Monumental,
762794,Liga Profesional,2026,torneo-apertura,,2026-01-29,Estudiantes de La Plata,Boca Juniors,2,1,Estadio Jorge Luis Hirschi,
762792,Liga Profesional,2026,torneo-apertura,,2026-01-29,Deportivo Riestra,Defensa y Justicia,0,1,Guillermo Laza,
762791,Liga Profesional,2026,torneo-apertura,,2026-01-29,Belgrano (Córdoba),Tigre,1,1,El Gigante de Alberdi,
762797,Liga Profesional,2026,torneo-apertura,,2026-01-29,Lanús,Unión (Santa Fe),2,1,Ciudad de Lanús,
762793,Liga Profesional,2026,torneo-apertura,,2026-01-30,Estudiantes de Río Cuarto,Argentinos Juniors,0,0,Ciudad de Río Cuarto Antonio Candini,
762790,Liga Profesional,2026,torneo-apertura,,2026-01-30,Sarmiento (Junín),Banfield,1,0,Eva Perón,
762815,Liga Profesional,2026,torneo-apertura,,2026-01-31,San Lorenzo,Central Córdoba (Santiago del Estero),1,0,Estadio Pedro Bidegain,
762811,Liga Profesional,2026,torneo-apertura,,2026-01-31,Independiente,Vélez Sarsfield,1,1,Estadio Libertadores de América,
762818,Liga Profesional,2026,torneo-apertura,,2026-02-01,Atlético Tucumán,Huracán,1,1,Monumental Presidente José Fierro,
762805,Liga Profesional,2026,torneo-apertura,,2026-02-01,Talleres (Córdoba),Platense,1,2,Mario Alberto Kempes,
762807,Liga Profesional,2026,torneo-apertura,,2026-02-01,Barracas Central,Deportivo Riestra,1,1,Estadio Claudio Chiqui Tapia,
762808,Liga Profesional,2026,torneo-apertura,,2026-02-01,Boca Juniors,Newell's Old Boys,2,0,Alberto José Armando (La Bombonera),
762814,Liga Profesional,2026,torneo-apertura,,2026-02-02,Rosario Central,River Plate,0,0,Gigante de Arroyito,
762810,Liga Profesional,2026,torneo-apertura,,2026-02-02,Gimnasia La Plata,Aldosivi,3,1,Juan Carmelo Zerillo (El Bosque),
762809,Liga Profesional,2026,torneo-apertura,,2026-02-02,Defensa y Justicia,Estudiantes de La Plata,0,0,Norberto Tomaghello,
762817,Liga Profesional,2026,torneo-apertura,,2026-02-02,Tigre,Racing Club,3,1,Monumental de Victoria (José Dellagiovanna),
762804,Liga Profesional,2026,torneo-apertura,,2026-02-03,Argentinos Juniors,Belgrano (Córdoba),0,0,Diego Armando Maradona,
762816,Liga Profesional,2026,torneo-apertura,,2026-02-03,Unión (Santa Fe),Gimnasia (Mendoza),4,0,15 de Abril,
762806,Liga Profesional,2026,torneo-apertura,,2026-02-03,Banfield,Estudiantes de Río Cuarto,2,1,Florencio Solá,
762812,Liga Profesional,2026,torneo-apertura,,2026-02-04,Independiente Rivadavia,Sarmiento (Junín),2,1,Bautista Gargantini,
762813,Liga Profesional,2026,torneo-apertura,,2026-02-04,Instituto (Córdoba),Lanús,2,2,Monumental Presidente Perón,
762822,Liga Profesional,2026,torneo-apertura,,2026-02-07,Central Córdoba (Santiago del Estero),Unión (Santa Fe),1,0,'Estadio Único Madre de Ciudades,
762819,Liga Profesional,2026,torneo-apertura,,2026-02-07,Aldosivi,Rosario Central,1,1,José María Minella,
762830,Liga Profesional,2026,torneo-apertura,,2026-02-07,Racing Club,Argentinos Juniors,2,1,Presidente Perón (Cilindro de Avellaneda),
762831,Liga Profesional,2026,torneo-apertura,,2026-02-07,River Plate,Tigre,1,4,Estadio Más Monumental,
762821,Liga Profesional,2026,torneo-apertura,,2026-02-08,Belgrano (Córdoba),Banfield,1,0,El Gigante de Alberdi,
762828,Liga Profesional,2026,torneo-apertura,,2026-02-08,Newell's Old Boys,Defensa y Justicia,2,3,Marcelo Bielsa,
762829,Liga Profesional,2026,torneo-apertura,,2026-02-08,Platense,Independiente,0,1,Ciudad de Vicente López,
762832,Liga Profesional,2026,torneo-apertura,,2026-02-08,Sarmiento (Junín),Atlético Tucumán,2,1,Eva Perón,
762826,Liga Profesional,2026,torneo-apertura,,2026-02-08,Huracán,San Lorenzo,1,0,Estadio Tomás Adolfo Ducó,
762825,Liga Profesional,2026,torneo-apertura,,2026-02-09,Gimnasia (Mendoza),Instituto (Córdoba),1,0,Estadio Víctor Antonio Legrotaglie,
762833,Liga Profesional,2026,torneo-apertura,,2026-02-09,Vélez Sarsfield,Boca Juniors,2,1,José Amalfitani,
762820,Liga Profesional,2026,torneo-apertura,,2026-02-09,Barracas Central,Gimnasia La Plata,2,0,Estadio Claudio Chiqui Tapia,
762824,Liga Profesional,2026,torneo-apertura,,2026-02-09,Estudiantes de La Plata,Deportivo Riestra,1,0,Estadio Jorge Luis Hirschi,
762827,Liga Profesional,2026,torneo-apertura,,2026-02-09,Lanús,Talleres (Córdoba),1,1,Ciudad de Lanús,
762823,Liga Profesional,2026,torneo-apertura,,2026-02-10,Estudiantes de Río Cuarto,Independiente Rivadavia,0,1,Ciudad de Río Cuarto Antonio Candini,
762847,Liga Profesional,2026,torneo-apertura,,2026-02-12,Tigre,Aldosivi,1,0,Monumental de Victoria (José Dellagiovanna),
762834,Liga Profesional,2026,torneo-apertura,,2026-02-13,Argentinos Juniors,River Plate,1,0,Diego Armando Maradona,
762842,Liga Profesional,2026,torneo-apertura,,2026-02-13,Independiente,Lanús,2,0,Estadio Libertadores de América,
762838,Liga Profesional,2026,torneo-apertura,,2026-02-14,Defensa y Justicia,Vélez Sarsfield,1,1,Norberto Tomaghello,
762848,Liga Profesional,2026,torneo-apertura,,2026-02-14,Unión (Santa Fe),San Lorenzo,0,0,15 de Abril,
762836,Liga Profesional,2026,torneo-apertura,,2026-02-14,Banfield,Racing Club,0,2,Florencio Solá,
762841,Liga Profesional,2026,torneo-apertura,,2026-02-14,Huracán,Sarmiento (Junín),1,0,Estadio Tomás Adolfo Ducó,
762846,Liga Profesional,2026,torneo-apertura,,2026-02-14,Talleres (Córdoba),Gimnasia (Mendoza),2,1,Mario Alberto Kempes,
762835,Liga Profesional,2026,torneo-apertura,,2026-02-15,Atlético Tucumán,Estudiantes de Río Cuarto,4,0,Monumental Presidente José Fierro,
762843,Liga Profesional,2026,torneo-apertura,,2026-02-15,Independiente Rivadavia,Belgrano (Córdoba),0,1,Bautista Gargantini,
762840,Liga Profesional,2026,torneo-apertura,,2026-02-15,Gimnasia La Plata,Estudiantes de La Plata,0,0,Juan Carmelo Zerillo (El Bosque),
762837,Liga Profesional,2026,torneo-apertura,,2026-02-15,Boca Juniors,Platense,0,0,Alberto José Armando (La Bombonera),
762844,Liga Profesional,2026,torneo-apertura,,2026-02-16,Instituto (Córdoba),Central Córdoba (Santiago del Estero),2,0,Monumental Presidente Perón,
762845,Liga Profesional,2026,torneo-apertura,,2026-02-16,Rosario Central,Barracas Central,2,0,Gigante de Arroyito,
762839,Liga Profesional,2026,torneo-apertura,,2026-02-16,Deportivo Riestra,Newell's Old Boys,1,1,Guillermo Laza,
762853,Liga Profesional,2026,torneo-apertura,,2026-02-20,Defensa y Justicia,Belgrano (Córdoba),1,1,Norberto Tomaghello,
762855,Liga Profesional,2026,torneo-apertura,,2026-02-20,Estudiantes de La Plata,Sarmiento (Junín),1,0,Estadio Jorge Luis Hirschi,
762851,Liga Profesional,2026,torneo-apertura,,2026-02-20,Boca Juniors,Racing Club,0,0,Alberto José Armando (La Bombonera),
762858,Liga Profesional,2026,torneo-apertura,,2026-02-20,Instituto (Córdoba),Atlético Tucumán,2,1,Monumental Presidente Perón,
762856,Liga Profesional,2026,torneo-apertura,,2026-02-21,Gimnasia (Mendoza),Gimnasia La Plata,0,1,Estadio Víctor Antonio Legrotaglie,
762860,Liga Profesional,2026,torneo-apertura,,2026-02-21,Rosario Central,Talleres (Córdoba),0,1,Gigante de Arroyito,
762857,Liga Profesional,2026,torneo-apertura,,2026-02-21,Independiente Rivadavia,Independiente,3,2,Bautista Gargantini,
762859,Liga Profesional,2026,torneo-apertura,,2026-02-21,Platense,Barracas Central,1,0,Ciudad de Vicente López,
762863,Liga Profesional,2026,torneo-apertura,,2026-02-21,Banfield,Newell's Old Boys,3,0,Florencio Solá,
762854,Liga Profesional,2026,torneo-apertura,,2026-02-21,Deportivo Riestra,Huracán,0,0,Guillermo Laza,
762852,Liga Profesional,2026,torneo-apertura,,2026-02-22,Central Córdoba (Santiago del Estero),Tigre,0,0,'Estadio Único Madre de Ciudades,
762861,Liga Profesional,2026,torneo-apertura,,2026-02-22,San Lorenzo,Estudiantes de Río Cuarto,2,0,Estadio Pedro Bidegain,
762862,Liga Profesional,2026,torneo-apertura,,2026-02-22,Vélez Sarsfield,River Plate,1,0,José Amalfitani,
762850,Liga Profesional,2026,torneo-apertura,,2026-02-23,Unión (Santa Fe),Aldosivi,1,0,15 de Abril,
762865,Liga Profesional,2026,torneo-apertura,,2026-02-24,Platense,Defensa y Justicia,0,0,Ciudad de Vicente López,
762868,Liga Profesional,2026,torneo-apertura,,2026-02-24,San Lorenzo,Instituto (Córdoba),1,1,Estadio Pedro Bidegain,
762874,Liga Profesional,2026,torneo-apertura,,2026-02-24,Central Córdoba (Santiago del Estero),Talleres (Córdoba),2,0,'Estadio Único Madre de Ciudades,
762873,Liga Profesional,2026,torneo-apertura,,2026-02-25,Belgrano (Córdoba),Atlético Tucumán,3,1,El Gigante de Alberdi,
762877,Liga Profesional,2026,torneo-apertura,,2026-02-25,Gimnasia (Mendoza),Independiente,1,1,Estadio Víctor Antonio Legrotaglie,
762872,Liga Profesional,2026,torneo-apertura,,2026-02-25,Barracas Central,Tigre,2,1,Estadio Claudio Chiqui Tapia,
762876,Liga Profesional,2026,torneo-apertura,,2026-02-25,Gimnasia La Plata,Rosario Central,1,2,Juan Carmelo Zerillo (El Bosque),
762864,Liga Profesional,2026,torneo-apertura,,2026-02-25,Newell's Old Boys,Estudiantes de La Plata,0,2,Marcelo Bielsa,
762870,Liga Profesional,2026,torneo-apertura,,2026-02-25,Vélez Sarsfield,Deportivo Riestra,0,0,José Amalfitani,
762866,Liga Profesional,2026,torneo-apertura,,2026-02-26,Racing Club,Independiente Rivadavia,1,1,Presidente Perón (Cilindro de Avellaneda),
762869,Liga Profesional,2026,torneo-apertura,,2026-02-26,Sarmiento (Junín),Unión (Santa Fe),1,3,Eva Perón,
762875,Liga Profesional,2026,torneo-apertura,,2026-02-26,Estudiantes de Río Cuarto,Huracán,2,0,Ciudad de Río Cuarto Antonio Candini,
762867,Liga Profesional,2026,torneo-apertura,,2026-02-26,River Plate,Banfield,3,1,Estadio Más Monumental,
762882,Liga Profesional,2026,torneo-apertura,,2026-02-28,Boca Juniors,Gimnasia (Mendoza),1,1,Alberto José Armando (La Bombonera),
762887,Liga Profesional,2026,torneo-apertura,,2026-02-28,Independiente,Central Córdoba (Santiago del Estero),2,0,Estadio Libertadores de América,
762892,Liga Profesional,2026,torneo-apertura,,2026-03-01,Talleres (Córdoba),San Lorenzo,0,0,Mario Alberto Kempes,
762890,Liga Profesional,2026,torneo-apertura,,2026-03-01,Newell's Old Boys,Rosario Central,0,2,Marcelo Bielsa,
762879,Liga Profesional,2026,torneo-apertura,,2026-03-01,Argentinos Juniors,Barracas Central,1,1,Diego Armando Maradona,
762889,Liga Profesional,2026,torneo-apertura,,2026-03-01,Instituto (Córdoba),Unión (Santa Fe),1,2,Mario Alberto Kempes,
762883,Liga Profesional,2026,torneo-apertura,,2026-03-02,Defensa y Justicia,Lanús,1,1,Norberto Tomaghello,
762893,Liga Profesional,2026,torneo-apertura,,2026-03-02,Tigre,Gimnasia La Plata,2,2,Monumental de Victoria (José Dellagiovanna),
762884,Liga Profesional,2026,torneo-apertura,,2026-03-02,Deportivo Riestra,Platense,0,0,Guillermo Laza,
762885,Liga Profesional,2026,torneo-apertura,,2026-03-02,Estudiantes de La Plata,Vélez Sarsfield,0,1,Estadio Jorge Luis Hirschi,
762881,Liga Profesional,2026,torneo-apertura,,2026-03-03,Banfield,Aldosivi,2,0,Florencio Solá,
762888,Liga Profesional,2026,torneo-apertura,,2026-03-03,Independiente Rivadavia,River Plate,1,1,Malvinas Argentinas (Mendoza),
762891,Liga Profesional,2026,torneo-apertura,,2026-03-03,Sarmiento (Junín),Estudiantes de Río Cuarto,1,0,Eva Perón,
762886,Liga Profesional,2026,torneo-apertura,,2026-03-03,Huracán,Belgrano (Córdoba),3,1,Estadio Tomás Adolfo Ducó,
762880,Liga Profesional,2026,torneo-apertura,,2026-03-04,Atlético Tucumán,Racing Club,0,3,Monumental Presidente José Fierro,
762878,Liga Profesional,2026,torneo-apertura,,2026-03-05,Lanús,Boca Juniors,0,3,Ciudad de Lanús,
762918,Liga Profesional,2026,torneo-apertura,,2026-03-10,Independiente,Unión (Santa Fe),4,4,Estadio Libertadores de América,
762914,Liga Profesional,2026,torneo-apertura,,2026-03-10,Tigre,Vélez Sarsfield,1,1,Monumental de Victoria (José Dellagiovanna),
762920,Liga Profesional,2026,torneo-apertura,,2026-03-11,Newell's Old Boys,Platense,1,1,Marcelo Bielsa,
762921,Liga Profesional,2026,torneo-apertura,,2026-03-11,Sarmiento (Junín),Racing Club,0,0,Eva Perón,
762909,Liga Profesional,2026,torneo-apertura,,2026-03-11,Argentinos Juniors,Rosario Central,0,0,Diego Armando Maradona,
762911,Liga Profesional,2026,torneo-apertura,,2026-03-11,Banfield,Gimnasia La Plata,1,2,Florencio Solá,
762912,Liga Profesional,2026,torneo-apertura,,2026-03-11,Boca Juniors,San Lorenzo,1,1,Alberto José Armando (La Bombonera),
762923,Liga Profesional,2026,torneo-apertura,,2026-03-12,Atlético Tucumán,Aldosivi,1,1,Monumental Presidente José Fierro,
762919,Liga Profesional,2026,torneo-apertura,,2026-03-12,Independiente Rivadavia,Barracas Central,1,2,Bautista Gargantini,
762913,Liga Profesional,2026,torneo-apertura,,2026-03-12,Defensa y Justicia,Central Córdoba (Santiago del Estero),1,1,Norberto Tomaghello,
762910,Liga Profesional,2026,torneo-apertura,,2026-03-12,Deportivo Riestra,Gimnasia (Mendoza),0,0,Guillermo Laza,
762915,Liga Profesional,2026,torneo-apertura,,2026-03-12,Estudiantes de Río Cuarto,Belgrano (Córdoba),0,1,Ciudad de Río Cuarto Antonio Candini,
762922,Liga Profesional,2026,torneo-apertura,,2026-03-12,Talleres (Córdoba),Instituto (Córdoba),2,0,Mario Alberto Kempes,
762917,Liga Profesional,2026,torneo-apertura,,2026-03-13,Huracán,River Plate,1,2,Estadio Tomás Adolfo Ducó,
762916,Liga Profesional,2026,torneo-apertura,,2026-03-13,Estudiantes de La Plata,Lanús,0,1,Estadio Jorge Luis Hirschi,
762932,Liga Profesional,2026,torneo-apertura,,2026-03-14,Platense,Vélez Sarsfield,0,2,Ciudad de Vicente López,
762935,Liga Profesional,2026,torneo-apertura,,2026-03-15,Rosario Central,Banfield,2,1,Gigante de Arroyito,
762928,Liga Profesional,2026,torneo-apertura,,2026-03-15,Gimnasia La Plata,Independiente Rivadavia,2,3,Juan Carmelo Zerillo (El Bosque),
762926,Liga Profesional,2026,torneo-apertura,,2026-03-15,Belgrano (Córdoba),Talleres (Córdoba),0,0,El Gigante de Alberdi,
762934,Liga Profesional,2026,torneo-apertura,,2026-03-15,River Plate,Sarmiento (Junín),2,0,Estadio Más Monumental,
762937,Liga Profesional,2026,torneo-apertura,,2026-03-16,Tigre,Argentinos Juniors,1,1,Monumental de Victoria (José Dellagiovanna),
762938,Liga Profesional,2026,torneo-apertura,,2026-03-16,Unión (Santa Fe),Boca Juniors,1,1,15 de Abril,
762924,Liga Profesional,2026,torneo-apertura,,2026-03-16,Aldosivi,Huracán,0,0,José María Minella,
762925,Liga Profesional,2026,torneo-apertura,,2026-03-16,Barracas Central,Atlético Tucumán,2,1,Estadio Claudio Chiqui Tapia,
762936,Liga Profesional,2026,torneo-apertura,,2026-03-16,San Lorenzo,Defensa y Justicia,2,5,Estadio Pedro Bidegain,
762933,Liga Profesional,2026,torneo-apertura,,2026-03-16,Racing Club,Estudiantes de Río Cuarto,2,0,Presidente Perón (Cilindro de Avellaneda),
762930,Liga Profesional,2026,torneo-apertura,,2026-03-17,Instituto (Córdoba),Independiente,2,1,Monumental Presidente Perón,
762931,Liga Profesional,2026,torneo-apertura,,2026-03-17,Lanús,Newell's Old Boys,5,0,Ciudad de Lanús,
762927,Liga Profesional,2026,torneo-apertura,,2026-03-18,Central Córdoba (Santiago del Estero),Deportivo Riestra,1,0,'Estadio Único Madre de Ciudades,
762929,Liga Profesional,2026,torneo-apertura,,2026-03-18,Gimnasia (Mendoza),Estudiantes de La Plata,1,2,Estadio Víctor Antonio Legrotaglie,
762940,Liga Profesional,2026,torneo-apertura,,2026-03-21,Atlético Tucumán,Gimnasia La Plata,1,0,Monumental Presidente José Fierro,
762941,Liga Profesional,2026,torneo-apertura,,2026-03-21,Banfield,Tigre,1,0,Florencio Solá,
762953,Liga Profesional,2026,torneo-apertura,,2026-03-21,Vélez Sarsfield,Lanús,0,1,José Amalfitani,
762944,Liga Profesional,2026,torneo-apertura,,2026-03-21,Defensa y Justicia,Unión (Santa Fe),2,0,Norberto Tomaghello,
762951,Liga Profesional,2026,torneo-apertura,,2026-03-21,Newell's Old Boys,Gimnasia (Mendoza),1,0,Marcelo Bielsa,
762949,Liga Profesional,2026,torneo-apertura,,2026-03-21,Independiente,Talleres (Córdoba),1,2,Estadio Libertadores de América,
762942,Liga Profesional,2026,torneo-apertura,,2026-03-22,Belgrano (Córdoba),Racing Club,1,2,El Gigante de Alberdi,
762952,Liga Profesional,2026,torneo-apertura,,2026-03-22,Sarmiento (Junín),Aldosivi,2,0,Eva Perón,
762946,Liga Profesional,2026,torneo-apertura,,2026-03-22,Estudiantes de Río Cuarto,River Plate,0,2,Ciudad de Río Cuarto Antonio Candini,
762943,Liga Profesional,2026,torneo-apertura,,2026-03-22,Boca Juniors,Instituto (Córdoba),2,0,Alberto José Armando (La Bombonera),
762939,Liga Profesional,2026,torneo-apertura,,2026-03-23,Argentinos Juniors,Platense,1,0,Diego Armando Maradona,
762950,Liga Profesional,2026,torneo-apertura,,2026-03-23,Independiente Rivadavia,Rosario Central,2,0,Bautista Gargantini,
762947,Liga Profesional,2026,torneo-apertura,,2026-03-23,Estudiantes de La Plata,Central Córdoba (Santiago del Estero),5,0,Estadio Jorge Luis Hirschi,
762948,Liga Profesional,2026,torneo-apertura,,2026-03-24,Huracán,Barracas Central,0,0,Estadio Tomás Adolfo Ducó,
762945,Liga Profesional,2026,torneo-apertura,,2026-03-25,Deportivo Riestra,San Lorenzo,1,1,Guillermo Laza,
762849,Liga Profesional,2026,torneo-apertura,,2026-03-27,Argentinos Juniors,Lanús,2,1,Diego Armando Maradona,
762871,Liga Profesional,2026,torneo-apertura,,2026-03-31,Aldosivi,Argentinos Juniors,0,2,José María Minella,
762959,Liga Profesional,2026,torneo-apertura,,2026-04-01,Lanús,Platense,0,0,Ciudad de Lanús,
762955,Liga Profesional,2026,torneo-apertura,,2026-04-02,Barracas Central,Sarmiento (Junín),1,2,Estadio Claudio Chiqui Tapia,
762964,Liga Profesional,2026,torneo-apertura,,2026-04-02,Tigre,Independiente Rivadavia,0,2,Monumental de Victoria (José Dellagiovanna),
762963,Liga Profesional,2026,torneo-apertura,,2026-04-02,Talleres (Córdoba),Boca Juniors,0,1,Mario Alberto Kempes,
762956,Liga Profesional,2026,torneo-apertura,,2026-04-03,Gimnasia (Mendoza),Vélez Sarsfield,3,2,Estadio Víctor Antonio Legrotaglie,
762965,Liga Profesional,2026,torneo-apertura,,2026-04-03,Unión (Santa Fe),Deportivo Riestra,2,0,15 de Abril,
762962,Liga Profesional,2026,torneo-apertura,,2026-04-03,San Lorenzo,Estudiantes de La Plata,1,0,Estadio Pedro Bidegain,
762967,Liga Profesional,2026,torneo-apertura,,2026-04-04,Aldosivi,Estudiantes de Río Cuarto,0,0,José María Minella,
762957,Liga Profesional,2026,torneo-apertura,,2026-04-04,Independiente,Racing Club,1,0,Estadio Libertadores de América,
762961,Liga Profesional,2026,torneo-apertura,,2026-04-05,Rosario Central,Atlético Tucumán,2,1,Gigante de Arroyito,
762968,Liga Profesional,2026,torneo-apertura,,2026-04-05,Gimnasia La Plata,Huracán,0,3,Juan Carmelo Zerillo (El Bosque),
762960,Liga Profesional,2026,torneo-apertura,,2026-04-05,River Plate,Belgrano (Córdoba),3,0,Estadio Más Monumental,
762954,Liga Profesional,2026,torneo-apertura,,2026-04-05,Central Córdoba (Santiago del Estero),Newell's Old Boys,1,3,'Estadio Único Madre de Ciudades,
762966,Liga Profesional,2026,torneo-apertura,,2026-04-06,Argentinos Juniors,Banfield,3,2,Diego Armando Maradona,
762958,Liga Profesional,2026,torneo-apertura,,2026-04-07,Instituto (Córdoba),Defensa y Justicia,2,0,Monumental Presidente Perón,
762969,Liga Profesional,2026,torneo-apertura,,2026-04-11,Belgrano (Córdoba),Aldosivi,1,0,El Gigante de Alberdi,
762972,Liga Profesional,2026,torneo-apertura,,2026-04-11,Deportivo Riestra,Instituto (Córdoba),0,1,Guillermo Laza,
762980,Liga Profesional,2026,torneo-apertura,,2026-04-11,Independiente Rivadavia,Argentinos Juniors,3,1,Bautista Gargantini,
762981,Liga Profesional,2026,torneo-apertura,,2026-04-11,Estudiantes de La Plata,Unión (Santa Fe),2,1,Estadio Jorge Luis Hirschi,
762970,Liga Profesional,2026,torneo-apertura,,2026-04-11,Boca Juniors,Independiente,1,1,Alberto José Armando (La Bombonera),
762973,Liga Profesional,2026,torneo-apertura,,2026-04-12,Estudiantes de Río Cuarto,Barracas Central,1,2,Ciudad de Río Cuarto Antonio Candini,
762978,Liga Profesional,2026,torneo-apertura,,2026-04-12,Newell's Old Boys,San Lorenzo,0,0,Marcelo Bielsa,
762977,Liga Profesional,2026,torneo-apertura,,2026-04-12,Platense,Gimnasia (Mendoza),1,1,Ciudad de Vicente López,
762982,Liga Profesional,2026,torneo-apertura,,2026-04-12,Atlético Tucumán,Tigre,0,0,Monumental Presidente José Fierro,
762983,Liga Profesional,2026,torneo-apertura,,2026-04-12,Huracán,Rosario Central,3,1,Estadio Tomás Adolfo Ducó,
762976,Liga Profesional,2026,torneo-apertura,,2026-04-12,Racing Club,River Plate,0,2,Presidente Perón (Cilindro de Avellaneda),
762971,Liga Profesional,2026,torneo-apertura,,2026-04-13,Defensa y Justicia,Talleres (Córdoba),1,2,Norberto Tomaghello,
762975,Liga Profesional,2026,torneo-apertura,,2026-04-13,Sarmiento (Junín),Gimnasia La Plata,1,2,Eva Perón,
762979,Liga Profesional,2026,torneo-apertura,,2026-04-13,Lanús,Banfield,1,0,Ciudad de Lanús,
762974,Liga Profesional,2026,torneo-apertura,,2026-04-14,Vélez Sarsfield,Central Córdoba (Santiago del Estero),1,0,José Amalfitani,
762984,Liga Profesional,2026,torneo-apertura,,2026-04-17,Unión (Santa Fe),Newell's Old Boys,2,3,15 de Abril,
762991,Liga Profesional,2026,torneo-apertura,,2026-04-18,Gimnasia La Plata,Estudiantes de Río Cuarto,1,0,Juan Carmelo Zerillo (El Bosque),
762994,Liga Profesional,2026,torneo-apertura,,2026-04-18,Instituto (Córdoba),Estudiantes de La Plata,0,1,Monumental Presidente Perón,
762993,Liga Profesional,2026,torneo-apertura,,2026-04-18,Independiente,Defensa y Justicia,3,1,Estadio Libertadores de América,
762987,Liga Profesional,2026,torneo-apertura,,2026-04-19,Argentinos Juniors,Atlético Tucumán,1,0,Diego Armando Maradona,
762986,Liga Profesional,2026,torneo-apertura,,2026-04-19,Aldosivi,Racing Club,1,1,José María Minella,
762995,Liga Profesional,2026,torneo-apertura,,2026-04-19,River Plate,Boca Juniors,0,1,Estadio Más Monumental,
762996,Liga Profesional,2026,torneo-apertura,,2026-04-19,Rosario Central,Sarmiento (Junín),2,1,Gigante de Arroyito,
762998,Liga Profesional,2026,torneo-apertura,,2026-04-19,Talleres (Córdoba),Deportivo Riestra,2,0,Mario Alberto Kempes,
762989,Liga Profesional,2026,torneo-apertura,,2026-04-20,Barracas Central,Belgrano (Córdoba),0,0,Estadio Claudio Chiqui Tapia,
762988,Liga Profesional,2026,torneo-apertura,,2026-04-20,Banfield,Independiente Rivadavia,0,0,Florencio Solá,
762990,Liga Profesional,2026,torneo-apertura,,2026-04-20,Central Córdoba (Santiago del Estero),Platense,4,3,'Estadio Único Madre de Ciudades,
762997,Liga Profesional,2026,torneo-apertura,,2026-04-20,San Lorenzo,Vélez Sarsfield,0,0,Estadio Pedro Bidegain,
762992,Liga Profesional,2026,torneo-apertura,,2026-04-21,Gimnasia (Mendoza),Lanús,1,0,Estadio Víctor Antonio Legrotaglie,
762985,Liga Profesional,2026,torneo-apertura,,2026-04-21,Tigre,Huracán,1,1,Monumental de Victoria (José Dellagiovanna),
763011,Liga Profesional,2026,torneo-apertura,,2026-04-23,Defensa y Justicia,Boca Juniors,0,4,Norberto Tomaghello,
763010,Liga Profesional,2026,torneo-apertura,,2026-04-24,Deportivo Riestra,Independiente,2,0,Guillermo Laza,
763009,Liga Profesional,2026,torneo-apertura,,2026-04-24,Estudiantes de Río Cuarto,Rosario Central,1,2,Ciudad de Río Cuarto Antonio Candini,
763005,Liga Profesional,2026,torneo-apertura,,2026-04-24,Lanús,Central Córdoba (Santiago del Estero),0,0,Ciudad de Lanús,
763012,Liga Profesional,2026,torneo-apertura,,2026-04-25,Platense,San Lorenzo,0,1,Ciudad de Vicente López,
763013,Liga Profesional,2026,torneo-apertura,,2026-04-25,Racing Club,Barracas Central,1,1,Presidente Perón (Cilindro de Avellaneda),
763008,Liga Profesional,2026,torneo-apertura,,2026-04-25,Estudiantes de La Plata,Talleres (Córdoba),0,0,Estadio Jorge Luis Hirschi,
763002,Liga Profesional,2026,torneo-apertura,,2026-04-25,Sarmiento (Junín),Tigre,1,0,Eva Perón,
763001,Liga Profesional,2026,torneo-apertura,,2026-04-26,River Plate,Aldosivi,3,1,Estadio Más Monumental,
763006,Liga Profesional,2026,torneo-apertura,,2026-04-26,Independiente Rivadavia,Gimnasia (Mendoza),5,1,Bautista Gargantini,
763000,Liga Profesional,2026,torneo-apertura,,2026-04-26,Belgrano (Córdoba),Gimnasia La Plata,0,1,El Gigante de Alberdi,
763004,Liga Profesional,2026,torneo-apertura,,2026-04-26,Newell's Old Boys,Instituto (Córdoba),1,1,Marcelo Bielsa,
762999,Liga Profesional,2026,torneo-apertura,,2026-04-26,Atlético Tucumán,Banfield,1,1,Monumental Presidente José Fierro,
763003,Liga Profesional,2026,torneo-apertura,,2026-04-27,Vélez Sarsfield,Unión (Santa Fe),2,2,José Amalfitani,
763007,Liga Profesional,2026,torneo-apertura,,2026-04-28,Huracán,Argentinos Juniors,1,2,Estadio Tomás Adolfo Ducó,
762905,Liga Profesional,2026,torneo-apertura,,2026-05-02,Barracas Central,Banfield,1,2,Estadio Claudio Chiqui Tapia,
762896,Liga Profesional,2026,torneo-apertura,,2026-05-02,Lanús,Deportivo Riestra,0,0,Ciudad de Lanús,
762907,Liga Profesional,2026,torneo-apertura,,2026-05-02,Central Córdoba (Santiago del Estero),Boca Juniors,1,2,'Estadio Único Madre de Ciudades,
762901,Liga Profesional,2026,torneo-apertura,,2026-05-02,San Lorenzo,Independiente,1,2,Estadio Pedro Bidegain,
762902,Liga Profesional,2026,torneo-apertura,,2026-05-02,Unión (Santa Fe),Talleres (Córdoba),1,1,15 de Abril,
762897,Liga Profesional,2026,torneo-apertura,,2026-05-03,Platense,Estudiantes de La Plata,0,2,Ciudad de Vicente López,
762904,Liga Profesional,2026,torneo-apertura,,2026-05-03,Aldosivi,Independiente Rivadavia,1,1,José María Minella,
762906,Liga Profesional,2026,torneo-apertura,,2026-05-03,Belgrano (Córdoba),Sarmiento (Junín),4,0,El Gigante de Alberdi,
762894,Liga Profesional,2026,torneo-apertura,,2026-05-03,Gimnasia La Plata,Argentinos Juniors,2,0,Juan Carmelo Zerillo (El Bosque),
762898,Liga Profesional,2026,torneo-apertura,,2026-05-03,Racing Club,Huracán,0,0,Presidente Perón (Cilindro de Avellaneda),
762900,Liga Profesional,2026,torneo-apertura,,2026-05-03,Rosario Central,Tigre,1,1,Gigante de Arroyito,
762899,Liga Profesional,2026,torneo-apertura,,2026-05-03,River Plate,Atlético Tucumán,0,1,Estadio Más Monumental,
762895,Liga Profesional,2026,torneo-apertura,,2026-05-04,Gimnasia (Mendoza),Defensa y Justicia,2,1,Estadio Víctor Antonio Legrotaglie,
762903,Liga Profesional,2026,torneo-apertura,,2026-05-04,Vélez Sarsfield,Newell's Old Boys,1,1,José Amalfitani,
762908,Liga Profesional,2026,torneo-apertura,,2026-05-05,Estudiantes de Río Cuarto,Instituto (Córdoba),0,2,Ciudad de Río Cuarto Antonio Candini,
401871432,Liga Profesional,2026,apertura---round-of-16,,2026-05-09,Talleres (Córdoba),Belgrano (Córdoba),0,1,Mario Alberto Kempes,
401871437,Liga Profesional,2026,apertura---round-of-16,,2026-05-09,Boca Juniors,Huracán,2,3,Alberto José Armando (La Bombonera),
401871433,Liga Profesional,2026,apertura---round-of-16,,2026-05-10,Independiente Rivadavia,Unión (Santa Fe),1,2,Bautista Gargantini,
401871435,Liga Profesional,2026,apertura---round-of-16,,2026-05-10,Argentinos Juniors,Lanús,2,0,Diego Armando Maradona,
401871431,Liga Profesional,2026,apertura---round-of-16,,2026-05-10,Rosario Central,Independiente,3,1,Gigante de Arroyito,
401871434,Liga Profesional,2026,apertura---round-of-16,,2026-05-10,Estudiantes de La Plata,Racing Club,0,1,Estadio Jorge Luis Hirschi,
401871430,Liga Profesional,2026,apertura---round-of-16,,2026-05-10,River Plate,San Lorenzo,2,2,Estadio Más Monumental,
401871436,Liga Profesional,2026,apertura---round-of-16,,2026-05-11,Vélez Sarsfield,Gimnasia La Plata,0,1,José Amalfitani,
401872290,Liga Profesional,2026,apertura---quarterfinals,,2026-05-12,Belgrano (Córdoba),Unión (Santa Fe),2,0,El Gigante de Alberdi,
401872291,Liga Profesional,2026,apertura---quarterfinals,,2026-05-13,Argentinos Juniors,Huracán,1,0,Diego Armando Maradona,
401872179,Liga Profesional,2026,apertura---quarterfinals,,2026-05-13,Rosario Central,Racing Club,2,1,Gigante de Arroyito,
401872546,Liga Profesional,2026,apertura---quarterfinals,,2026-05-14,River Plate,Gimnasia La Plata,2,0,Estadio Más Monumental,
401872650,Liga Profesional,2026,apertura---semifinals,,2026-05-16,River Plate,Rosario Central,1,0,Estadio Más Monumental,
401872677,Liga Profesional,2026,apertura---semifinals,,2026-05-17,Argentinos Juniors,Belgrano (Córdoba),1,1,Diego Armando Maradona,
401873392,Liga Profesional,2026,apertura---final,,2026-05-24,River Plate,Belgrano (Córdoba),2,3,Mario Alberto Kempes,
401841435,Liga Profesional,2026,torneo-clausura,,2026-07-23,Belgrano (Córdoba),Rosario Central,2,1,El Gigante de Alberdi,
401841437,Liga Profesional,2026,torneo-clausura,,2026-07-23,Sarmiento (Junín),Argentinos Juniors,2,3,Eva Perón,
401841448,Liga Profesional,2026,torneo-clausura,,2026-07-24,Defensa y Justicia,Aldosivi,1,1,Norberto Tomaghello,
401841444,Liga Profesional,2026,torneo-clausura,,2026-07-24,Gimnasia (Mendoza),Central Córdoba (Santiago del Estero),1,0,Estadio Víctor Antonio Legrotaglie,
401841439,Liga Profesional,2026,torneo-clausura,,2026-07-24,Racing Club,Gimnasia La Plata,2,1,Presidente Perón (Cilindro de Avellaneda),
401841436,Liga Profesional,2026,torneo-clausura,,2026-07-24,Vélez Sarsfield,Instituto (Córdoba),1,0,José Amalfitani,
401841443,Liga Profesional,2026,torneo-clausura,,2026-07-25,Huracán,Banfield,1,0,Estadio Tomás Adolfo Ducó,
401841440,Liga Profesional,2026,torneo-clausura,,2026-07-25,Platense,Unión (Santa Fe),2,2,Ciudad de Vicente López,
401841446,Liga Profesional,2026,torneo-clausura,,2026-07-25,Estudiantes de Río Cuarto,Tigre,1,0,Ciudad de Río Cuarto Antonio Candini,
401841441,Liga Profesional,2026,torneo-clausura,,2026-07-25,Newell's Old Boys,Talleres (Córdoba),1,0,Marcelo Bielsa,
401841438,Liga Profesional,2026,torneo-clausura,,2026-07-25,River Plate,Barracas Central,0,1,Estadio Más Monumental,
401841442,Liga Profesional,2026,torneo-clausura,,2026-07-26,Lanús,San Lorenzo,1,0,Ciudad de Lanús,
401841434,Liga Profesional,2026,torneo-clausura,,2026-07-26,Atlético Tucumán,Independiente Rivadavia,0,0,Monumental Presidente José Fierro,
401841445,Liga Profesional,2026,torneo-clausura,,2026-07-26,Estudiantes de La Plata,Independiente,0,2,Estadio Jorge Luis Hirschi,
401841447,Liga Profesional,2026,torneo-clausura,,2026-07-26,Deportivo Riestra,Boca Juniors,3,0,Guillermo Laza,
401841462,Liga Profesional,2026,torneo-clausura,,2026-07-28,Banfield,Sarmiento (Junín),3,2,Florencio Solá,
401841452,Liga Profesional,2026,torneo-clausura,,2026-07-28,San Lorenzo,Gimnasia (Mendoza),1,0,Estadio Pedro Bidegain,
401841449,Liga Profesional,2026,torneo-clausura,,2026-07-29,Argentinos Juniors,Estudiantes de Río Cuarto,3,0,Diego Armando Maradona,
401841453,Liga Profesional,2026,torneo-clausura,,2026-07-29,Rosario Central,Racing Club,0,0,Gigante de Arroyito,
401841461,Liga Profesional,2026,torneo-clausura,,2026-07-29,Barracas Central,Aldosivi,1,0,Estadio Claudio Chiqui Tapia,
401841458,Liga Profesional,2026,torneo-clausura,,2026-07-29,Defensa y Justicia,Deportivo Riestra,2,1,Norberto Tomaghello,
401841457,Liga Profesional,2026,torneo-clausura,,2026-07-29,Gimnasia La Plata,River Plate,1,0,Juan Carmelo Zerillo (El Bosque),
401841454,Liga Profesional,2026,torneo-clausura,,2026-07-30,Instituto (Córdoba),Platense,2,1,Monumental Presidente Perón,
401841455,Liga Profesional,2026,torneo-clausura,,2026-07-30,Independiente Rivadavia,Huracán,2,1,Bautista Gargantini,
401841451,Liga Profesional,2026,torneo-clausura,,2026-07-30,Talleres (Córdoba),Vélez Sarsfield,1,3,Mario Alberto Kempes,
401841459,Liga Profesional,2026,torneo-clausura,,2026-07-31,Central Córdoba (Santiago del Estero),Atlético Tucumán,0,2,'Estadio Único Madre de Ciudades,
401841456,Liga Profesional,2026,torneo-clausura,,2026-07-31,Independiente,Newell's Old Boys,1,0,Estadio Libertadores de América,
401841466,Liga Profesional,2026,torneo-clausura,,2026-08-01,Estudiantes de Río Cuarto,Banfield,0,0,Ciudad de Río Cuarto Antonio Candini,
401841464,Liga Profesional,2026,torneo-clausura,,2026-08-01,Gimnasia (Mendoza),Unión (Santa Fe),2,0,Estadio Víctor Antonio Legrotaglie,
401841469,Liga Profesional,2026,torneo-clausura,,2026-08-01,Belgrano (Córdoba),Argentinos Juniors,0,1,El Gigante de Alberdi,
401841478,Liga Profesional,2026,torneo-clausura,,2026-08-01,Estudiantes de La Plata,Defensa y Justicia,3,0,Estadio Jorge Luis Hirschi,
401841475,Liga Profesional,2026,torneo-clausura,,2026-08-01,Racing Club,Tigre,1,3,Presidente Perón (Cilindro de Avellaneda),
401841470,Liga Profesional,2026,torneo-clausura,,2026-08-02,Aldosivi,Gimnasia La Plata,1,2,José María Minella,
401841467,Liga Profesional,2026,torneo-clausura,,2026-08-02,Deportivo Riestra,Barracas Central,0,1,Guillermo Laza,
401841473,Liga Profesional,2026,torneo-clausura,,2026-08-02,Newell's Old Boys,Boca Juniors,2,2,Marcelo Bielsa,
401841476,Liga Profesional,2026,torneo-clausura,,2026-08-02,River Plate,Rosario Central,0,1,Estadio Más Monumental,
401841472,Liga Profesional,2026,torneo-clausura,,2026-08-03,Lanús,Instituto (Córdoba),,,Ciudad de Lanús,
401841477,Liga Profesional,2026,torneo-clausura,,2026-08-03,Sarmiento (Junín),Independiente Rivadavia,,,Eva Perón,
401841474,Liga Profesional,2026,torneo-clausura,,2026-08-03,Platense,Talleres (Córdoba),,,Ciudad de Vicente López,
401841465,Liga Profesional,2026,torneo-clausura,,2026-08-03,Vélez Sarsfield,Independiente,,,José Amalfitani,
401841468,Liga Profesional,2026,torneo-clausura,,2026-08-04,Central Córdoba (Santiago del Estero),San Lorenzo,,,Alfredo Terrera,
401841471,Liga Profesional,2026,torneo-clausura,,2026-08-04,Huracán,Atlético Tucumán,,,Estadio Tomás Adolfo Ducó,
