match_id,team,possession_share_proxy,passes_attempted,passes_completed,pass_accuracy_pct,shots_total,shots_on_target,shots_inside_box,shots_outside_box,shots_blocked,goals,fouls_committed,corners,offsides,gk_saves,peligrosidad_proxy
762774,Aldosivi,0.445,244,167,68.4,9,3,,,1,0,18,4,3,2,1.38
762774,Defensa y Justicia,0.555,301,211,70.1,10,2,,,3,0,6,4,0,3,1.24
762776,Banfield,0.377,236,156,66.1,14,4,,,6,1,8,4,2,3,2.0
762776,Huracán,0.623,408,315,77.2,11,4,,,2,1,14,2,1,3,1.76
762788,Unión (Santa Fe),0.522,424,316,74.5,19,3,,,7,0,11,3,1,5,2.18
762788,Platense,0.478,393,276,70.2,13,5,,,3,0,7,4,1,3,2.14
762779,Central Córdoba (Santiago del Estero),0.69,524,443,84.5,16,4,,,7,0,9,14,1,3,2.16
762779,Gimnasia (Mendoza),0.31,245,163,66.5,11,4,,,2,1,10,2,0,4,1.76
762783,Instituto (Córdoba),0.47,320,228,71.2,13,5,,,3,0,10,4,4,2,2.14
762783,Vélez Sarsfield,0.53,375,281,74.9,7,3,,,1,1,16,2,2,5,1.22
762785,San Lorenzo,0.592,395,321,81.3,17,4,,,4,2,14,6,2,3,2.24
762785,Lanús,0.408,285,209,73.3,13,6,,,0,3,20,8,2,3,2.36
762781,Independiente,0.399,284,205,72.2,13,3,,,4,1,9,10,1,1,1.7
762781,Estudiantes de La Plata,0.601,445,357,80.2,11,2,,,3,1,10,5,1,2,1.32
762782,Independiente Rivadavia,0.421,216,137,63.4,11,5,,,1,2,13,1,3,4,1.98
762782,Atlético Tucumán,0.579,296,200,67.6,14,5,,,3,1,11,3,0,3,2.22
762786,Talleres (Córdoba),0.714,517,446,86.3,17,6,,,6,2,10,11,2,2,2.68
762786,Newell's Old Boys,0.286,192,134,69.8,10,3,,,1,1,10,4,2,4,1.46
762777,Barracas Central,0.33,229,141,61.6,11,2,,,6,0,15,6,4,5,1.32
762777,River Plate,0.67,475,396,83.4,20,7,,,5,1,9,6,5,2,3.14
762780,Gimnasia La Plata,0.26,199,118,59.3,7,5,,,1,2,13,4,1,2,1.66
762780,Racing Club,0.74,566,469,82.9,13,3,,,3,1,15,5,0,3,1.7
762784,Rosario Central,0.504,379,312,82.3,17,8,,,2,1,6,4,3,5,3.12
762784,Belgrano (Córdoba),0.496,382,307,80.4,13,6,,,3,2,11,4,2,7,2.36
762778,Boca Juniors,0.793,574,505,88.0,19,3,,,8,1,9,12,0,1,2.18
762778,Deportivo Riestra,0.207,155,80,51.6,6,1,,,2,0,19,1,2,2,0.7
762775,Argentinos Juniors,0.699,421,353,83.8,24,11,,,3,1,8,9,0,1,4.34
762775,Sarmiento (Junín),0.301,183,109,59.6,2,1,,,1,0,21,2,3,9,0.38
762787,Tigre,0.517,357,264,73.9,11,3,,,3,2,16,3,0,2,1.54
762787,Estudiantes de Río Cuarto,0.483,326,236,72.4,9,2,,,2,0,9,6,1,1,1.16
762799,Platense,0.451,323,234,72.4,10,5,,,1,2,12,3,4,5,1.9
762799,Instituto (Córdoba),0.549,394,294,74.6,10,5,,,2,1,13,2,2,3,1.9
762802,Vélez Sarsfield,0.528,351,272,77.5,10,4,,,1,2,8,6,1,7,1.68
762802,Talleres (Córdoba),0.472,312,224,71.8,21,8,,,3,1,11,7,1,2,3.44
762795,Gimnasia (Mendoza),0.583,346,250,72.3,13,3,,,4,0,11,4,3,0,1.7
762795,San Lorenzo,0.417,251,142,56.6,9,1,,,3,1,12,4,3,3,0.94
762796,Huracán,0.611,420,336,80.0,9,2,,,3,1,14,2,1,4,1.16
762796,Independiente Rivadavia,0.389,269,182,67.7,8,6,,,0,2,14,5,1,1,1.96
762803,Atlético Tucumán,0.628,440,348,79.1,21,5,,,5,0,17,5,3,2,2.78
762803,Central Córdoba (Santiago del Estero),0.372,266,165,62.0,3,2,,,0,0,14,2,0,5,0.68
762798,Newell's Old Boys,0.507,231,152,65.8,12,4,,,1,1,13,6,5,1,1.84
762798,Independiente,0.493,244,156,63.9,6,2,,,1,1,19,3,1,3,0.92
762789,Aldosivi,0.588,433,344,79.4,8,3,,,1,0,16,3,1,3,1.3
762789,Barracas Central,0.412,311,199,64.0,8,3,,,2,0,5,1,1,3,1.3
762800,Racing Club,0.705,484,397,82.0,21,7,,,6,1,16,1,1,1,3.22
762800,Rosario Central,0.295,205,109,53.2,6,3,,,1,2,11,2,3,6,1.14
762801,River Plate,0.707,635,556,87.6,17,8,,,0,2,12,6,2,1,3.12
762801,Gimnasia La Plata,0.293,255,172,67.5,3,1,,,1,0,11,4,5,6,0.46
762794,Estudiantes de La Plata,0.33,230,171,74.3,13,7,,,2,2,14,5,0,2,2.58
762794,Boca Juniors,0.67,464,397,85.6,10,3,,,5,1,8,7,4,5,1.46
762792,Deportivo Riestra,0.54,333,225,67.6,12,2,,,3,0,19,4,2,2,1.4
762792,Defensa y Justicia,0.46,293,195,66.6,5,3,,,0,1,10,3,1,2,1.06
762791,Belgrano (Córdoba),0.597,441,355,80.5,12,1,,,3,1,6,7,2,2,1.18
762791,Tigre,0.403,316,219,69.3,6,3,,,1,1,8,1,0,0,1.14
762797,Lanús,0.598,522,435,83.3,15,6,,,3,2,7,5,3,4,2.52
762797,Unión (Santa Fe),0.402,343,254,74.1,15,5,,,5,1,9,7,0,3,2.3
762793,Estudiantes de Río Cuarto,0.264,229,150,65.5,7,0,,,1,0,18,1,3,3,0.56
762793,Argentinos Juniors,0.736,652,563,86.3,11,3,,,3,0,13,6,3,0,1.54
762790,Sarmiento (Junín),0.61,384,303,78.9,23,9,,,10,1,14,9,1,2,3.82
762790,Banfield,0.39,242,162,66.9,9,2,,,1,0,18,2,0,8,1.16
762815,San Lorenzo,0.526,344,271,78.8,11,1,,,5,1,12,7,1,3,1.1
762815,Central Córdoba (Santiago del Estero),0.474,305,228,74.8,8,3,,,1,0,17,4,0,0,1.3
762811,Independiente,0.535,339,243,71.7,13,4,,,5,1,9,3,7,5,1.92
762811,Vélez Sarsfield,0.465,294,179,60.9,12,5,,,3,1,14,6,3,4,2.06
762818,Atlético Tucumán,0.476,286,188,65.7,11,4,,,2,1,9,6,1,0,1.76
762818,Huracán,0.524,331,227,68.6,9,1,,,3,1,15,5,3,3,0.94
762805,Talleres (Córdoba),0.598,443,345,77.9,12,2,,,3,1,13,6,2,1,1.4
762805,Platense,0.402,303,221,72.9,5,2,,,1,2,10,2,1,2,0.84
762807,Barracas Central,0.641,471,375,79.6,11,4,,,4,1,8,0,0,1,1.76
762807,Deportivo Riestra,0.359,263,174,66.2,9,2,,,2,1,19,2,2,3,1.16
762808,Boca Juniors,0.596,401,319,79.6,8,5,,,0,2,14,2,1,1,1.74
762808,Newell's Old Boys,0.404,267,198,74.2,6,1,,,2,0,23,1,0,3,0.7
762814,Rosario Central,0.343,265,178,67.2,9,3,,,2,0,10,6,5,4,1.38
762814,River Plate,0.657,521,439,84.3,17,4,,,6,0,16,3,2,3,2.24
762810,Gimnasia La Plata,0.502,345,276,80.0,14,6,,,1,3,13,1,0,0,2.44
762810,Aldosivi,0.498,331,241,72.8,13,1,,,5,1,17,3,0,3,1.26
762809,Defensa y Justicia,0.627,461,409,88.7,14,6,,,2,0,8,3,6,1,2.44
762809,Estudiantes de La Plata,0.373,278,210,75.5,9,1,,,2,0,8,0,0,6,0.94
762817,Tigre,0.333,203,130,64.0,12,8,,,0,3,10,5,3,3,2.72
762817,Racing Club,0.667,407,354,87.0,12,3,,,1,1,13,7,1,5,1.62
762804,Argentinos Juniors,0.604,594,514,86.5,17,6,,,2,0,7,5,4,5,2.68
762804,Belgrano (Córdoba),0.396,387,284,73.4,12,5,,,2,0,6,1,1,6,2.06
762816,Unión (Santa Fe),0.58,494,418,84.6,17,7,,,4,4,13,3,2,1,2.9
762816,Gimnasia (Mendoza),0.42,353,281,79.6,4,1,,,1,0,9,1,0,4,0.54
762806,Banfield,0.569,322,225,69.9,14,4,,,3,2,7,4,5,3,2.0
762806,Estudiantes de Río Cuarto,0.431,248,150,60.5,15,4,,,3,1,13,2,0,2,2.08
762812,Independiente Rivadavia,0.41,278,190,68.3,19,8,,,3,2,10,4,3,6,3.28
762812,Sarmiento (Junín),0.59,401,309,77.1,16,7,,,3,1,10,1,1,6,2.82
762813,Instituto (Córdoba),0.497,360,273,75.8,11,4,,,0,2,14,3,0,5,1.76
762813,Lanús,0.503,379,304,80.2,11,7,,,2,2,15,3,2,2,2.42
762822,Central Córdoba (Santiago del Estero),0.493,404,328,81.2,9,3,,,1,1,11,3,1,2,1.38
762822,Unión (Santa Fe),0.507,424,341,80.4,16,2,,,9,0,16,2,2,2,1.72
762819,Aldosivi,0.385,298,213,71.5,15,4,,,4,1,20,7,1,3,2.08
762819,Rosario Central,0.615,500,429,85.8,10,4,,,3,1,10,4,0,3,1.68
762830,Racing Club,0.489,277,194,70.0,14,3,,,5,2,16,4,2,4,1.78
762830,Argentinos Juniors,0.511,286,216,75.5,12,5,,,2,1,14,7,3,1,2.06
762831,River Plate,0.707,544,457,84.0,17,5,,,7,1,9,7,1,2,2.46
762831,Tigre,0.293,232,142,61.2,11,6,,,0,4,13,2,0,4,2.2
762821,Belgrano (Córdoba),0.633,517,447,86.5,16,7,,,5,1,16,11,0,2,2.82
762821,Banfield,0.367,296,234,79.1,6,3,,,2,0,9,1,2,6,1.14
762828,Newell's Old Boys,0.581,282,206,73.0,23,7,,,5,2,18,7,1,0,3.38
762828,Defensa y Justicia,0.419,217,130,59.9,4,3,,,0,3,14,1,1,6,0.98
762829,Platense,0.511,318,206,64.8,5,1,,,1,0,12,4,3,5,0.62
762829,Independiente,0.489,305,207,67.9,10,5,,,2,1,9,1,5,2,1.9
762832,Sarmiento (Junín),0.496,300,207,69.0,12,6,,,1,2,18,4,0,2,2.28
762832,Atlético Tucumán,0.504,299,198,66.2,5,3,,,1,1,14,4,1,4,1.06
762826,Huracán,0.479,281,174,61.9,8,3,,,1,1,17,1,1,0,1.3
762826,San Lorenzo,0.521,316,202,63.9,5,0,,,1,0,22,2,2,2,0.4
762825,Gimnasia (Mendoza),0.457,337,253,75.1,12,5,,,1,1,12,4,2,5,2.06
762825,Instituto (Córdoba),0.543,404,295,73.0,12,5,,,2,0,8,7,3,3,2.06
762833,Vélez Sarsfield,0.502,470,394,83.8,15,4,,,1,2,11,3,1,2,2.08
762833,Boca Juniors,0.498,465,376,80.9,9,3,,,1,1,10,7,2,2,1.38
762820,Barracas Central,0.333,277,198,71.5,13,6,,,3,2,17,2,0,4,2.36
762820,Gimnasia La Plata,0.667,531,460,86.6,12,4,,,0,0,10,7,4,3,1.84
762824,Estudiantes de La Plata,0.722,503,437,86.9,16,6,,,4,1,7,4,3,3,2.6
762824,Deportivo Riestra,0.278,193,103,53.4,8,3,,,2,0,22,5,1,5,1.3
762827,Lanús,0.451,465,384,82.6,9,4,,,1,1,12,0,2,4,1.6
762827,Talleres (Córdoba),0.549,573,481,83.9,12,5,,,4,1,12,3,0,3,2.06
762823,Estudiantes de Río Cuarto,0.489,346,224,64.7,12,0,,,1,0,12,3,1,3,0.96
762823,Independiente Rivadavia,0.511,363,240,66.1,15,3,,,4,1,9,4,5,0,1.86
762847,Tigre,0.444,283,188,66.4,14,6,,,4,1,9,7,0,0,2.44
762847,Aldosivi,0.556,344,259,75.3,10,0,,,2,0,17,4,1,5,0.8
762834,Argentinos Juniors,0.479,402,299,74.4,14,5,,,4,1,9,1,5,1,2.22
762834,River Plate,0.521,433,323,74.6,9,1,,,4,0,17,1,3,4,0.94
762842,Independiente,0.498,362,286,79.0,17,3,,,7,2,18,7,3,0,2.02
762842,Lanús,0.502,379,290,76.5,5,0,,,1,0,14,1,5,1,0.4
762838,Defensa y Justicia,0.342,290,213,73.4,6,2,,,3,1,14,5,0,1,0.92
762838,Vélez Sarsfield,0.658,564,465,82.4,12,2,,,0,1,10,1,1,1,1.4
762848,Unión (Santa Fe),0.542,334,245,73.4,23,6,,,5,0,10,6,2,2,3.16
762848,San Lorenzo,0.458,291,195,67.0,5,3,,,0,0,14,1,1,4,1.06
762836,Banfield,0.431,277,184,66.4,11,2,,,4,0,7,8,4,3,1.32
762836,Racing Club,0.569,390,305,78.2,11,5,,,3,2,14,3,3,3,1.98
762841,Huracán,0.549,310,223,71.9,9,4,,,1,1,10,6,3,0,1.6
762841,Sarmiento (Junín),0.451,265,171,64.5,3,0,,,1,0,23,2,1,3,0.24
762846,Talleres (Córdoba),0.625,486,397,81.7,13,6,,,4,2,12,4,1,4,2.36
762846,Gimnasia (Mendoza),0.375,286,204,71.3,8,5,,,0,1,14,2,1,4,1.74
762835,Atlético Tucumán,0.486,266,176,66.2,18,7,,,3,4,13,7,7,0,2.98
762835,Estudiantes de Río Cuarto,0.514,279,172,61.6,5,0,,,2,0,11,2,3,3,0.4
762843,Independiente Rivadavia,0.484,315,244,77.5,16,3,,,2,0,14,8,2,2,1.94
762843,Belgrano (Córdoba),0.516,355,288,81.1,11,3,,,3,1,12,5,1,3,1.54
762840,Gimnasia La Plata,0.41,292,228,78.1,11,2,,,6,0,14,4,1,3,1.32
762840,Estudiantes de La Plata,0.59,428,369,86.2,14,4,,,2,0,13,6,0,2,2.0
762837,Boca Juniors,0.628,524,425,81.1,10,3,,,2,0,6,1,3,1,1.46
762837,Platense,0.372,299,210,70.2,14,1,,,3,0,12,2,1,3,1.34
762844,Instituto (Córdoba),0.461,271,177,65.3,11,2,,,4,2,22,3,3,0,1.32
762844,Central Córdoba (Santiago del Estero),0.539,323,233,72.1,8,0,,,4,0,18,5,2,0,0.64
762845,Rosario Central,0.662,528,456,86.4,19,7,,,2,2,11,3,2,3,3.06
762845,Barracas Central,0.338,274,201,73.4,3,3,,,0,0,16,0,0,5,0.9
762839,Deportivo Riestra,0.497,276,152,55.1,16,5,,,6,1,17,4,0,3,2.38
762839,Newell's Old Boys,0.503,278,162,58.3,7,4,,,0,1,6,4,3,3,1.44
762853,Defensa y Justicia,0.572,448,375,83.7,11,3,,,2,1,7,5,3,2,1.54
762853,Belgrano (Córdoba),0.428,341,258,75.7,13,3,,,2,1,9,3,2,2,1.7
762855,Estudiantes de La Plata,0.422,274,198,72.3,12,7,,,0,1,14,4,0,3,2.5
762855,Sarmiento (Junín),0.578,389,315,81.0,12,3,,,5,0,8,4,1,6,1.62
762851,Boca Juniors,0.472,310,204,65.8,4,0,,,2,0,12,8,5,2,0.32
762851,Racing Club,0.528,354,264,74.6,6,2,,,2,0,15,3,2,0,0.92
762858,Instituto (Córdoba),0.648,399,292,73.2,15,3,,,6,2,9,4,1,0,1.86
762858,Atlético Tucumán,0.352,220,130,59.1,7,1,,,2,1,14,2,1,0,0.78
762856,Gimnasia (Mendoza),0.588,433,358,82.7,26,6,,,4,0,10,7,2,1,3.4
762856,Gimnasia La Plata,0.412,315,225,71.4,9,2,,,2,1,16,4,3,6,1.16
762860,Rosario Central,0.683,484,405,83.7,14,4,,,5,0,9,12,0,3,2.0
762860,Talleres (Córdoba),0.317,236,163,69.1,8,4,,,3,1,18,2,3,4,1.52
762857,Independiente Rivadavia,0.379,232,153,65.9,18,5,,,5,3,11,3,3,3,2.54
762857,Independiente,0.621,384,300,78.1,17,5,,,2,2,6,9,1,2,2.46
762859,Platense,0.647,508,430,84.6,14,7,,,2,1,16,4,2,3,2.66
762859,Barracas Central,0.353,290,198,68.3,6,3,,,1,0,17,1,3,6,1.14
762863,Banfield,0.525,255,184,72.2,17,9,,,2,3,15,4,2,2,3.34
762863,Newell's Old Boys,0.475,235,157,66.8,10,2,,,1,0,18,2,2,6,1.24
762854,Deportivo Riestra,0.514,278,168,60.4,9,2,,,5,0,21,8,2,3,1.16
762854,Huracán,0.486,268,172,64.2,7,3,,,1,0,10,3,1,2,1.22
762852,Central Córdoba (Santiago del Estero),0.391,297,234,78.8,14,1,,,2,0,19,4,3,3,1.34
762852,Tigre,0.609,463,382,82.5,16,3,,,4,0,10,6,0,1,1.94
762861,San Lorenzo,0.495,350,271,77.4,8,6,,,1,2,13,3,4,5,1.96
762861,Estudiantes de Río Cuarto,0.505,351,254,72.4,11,4,,,3,0,13,6,4,4,1.76
762862,Vélez Sarsfield,0.369,327,198,60.6,9,4,,,3,1,9,5,2,5,1.6
762862,River Plate,0.631,569,448,78.7,12,5,,,2,0,14,7,1,3,2.06
762850,Unión (Santa Fe),0.466,336,262,78.0,20,6,,,5,1,14,1,2,3,2.92
762850,Aldosivi,0.534,390,290,74.4,12,3,,,5,0,9,4,0,5,1.62
762865,Platense,0.487,357,287,80.4,10,1,,,5,0,7,5,1,2,1.02
762865,Defensa y Justicia,0.513,390,324,83.1,9,2,,,2,0,7,3,1,1,1.16
762868,San Lorenzo,0.566,426,344,80.8,11,3,,,2,1,6,0,1,5,1.54
762868,Instituto (Córdoba),0.434,315,222,70.5,15,6,,,3,1,10,6,0,2,2.52
762874,Central Córdoba (Santiago del Estero),0.371,292,204,69.9,9,3,,,1,2,11,1,2,2,1.38
762874,Talleres (Córdoba),0.629,484,404,83.5,11,2,,,3,0,8,2,1,1,1.32
762873,Belgrano (Córdoba),0.499,383,290,75.7,11,4,,,3,3,12,0,0,1,1.76
762873,Atlético Tucumán,0.501,375,290,77.3,11,2,,,3,1,14,5,1,1,1.32
762877,Gimnasia (Mendoza),0.473,343,227,66.2,6,4,,,1,1,12,5,1,2,1.36
762877,Independiente,0.527,394,292,74.1,8,3,,,3,1,11,4,6,3,1.3
762872,Barracas Central,0.537,391,305,78.0,11,5,,,1,2,18,0,0,5,1.98
762872,Tigre,0.463,327,253,77.4,15,6,,,2,1,12,2,2,3,2.52
762876,Gimnasia La Plata,0.446,365,293,80.3,13,6,,,3,1,14,6,3,0,2.36
762876,Rosario Central,0.554,467,390,83.5,9,2,,,2,2,20,3,0,5,1.16
762864,Newell's Old Boys,0.379,273,203,74.4,14,1,,,3,0,11,2,2,5,1.34
762864,Estudiantes de La Plata,0.621,473,410,86.7,17,7,,,3,2,12,4,0,1,2.9
762870,Vélez Sarsfield,0.709,583,478,82.0,12,3,,,4,0,11,4,1,4,1.62
762870,Deportivo Riestra,0.291,240,145,60.4,10,4,,,1,0,18,3,3,3,1.68
762866,Racing Club,0.523,392,312,79.6,13,4,,,2,1,9,7,1,1,1.92
762866,Independiente Rivadavia,0.477,357,253,70.9,9,2,,,2,1,11,2,3,3,1.16
762869,Sarmiento (Junín),0.625,451,365,80.9,14,6,,,3,1,14,7,1,5,2.44
762869,Unión (Santa Fe),0.375,276,162,58.7,16,8,,,3,3,17,2,3,5,3.04
762875,Estudiantes de Río Cuarto,0.353,246,173,70.3,18,7,,,2,2,13,6,0,2,2.98
762875,Huracán,0.647,457,370,81.0,10,2,,,1,0,10,5,3,5,1.24
762867,River Plate,0.647,537,443,82.5,25,8,,,4,3,15,6,0,1,3.76
762867,Banfield,0.353,280,184,65.7,6,2,,,0,1,13,3,2,5,0.92
762882,Boca Juniors,0.707,575,488,84.9,19,5,,,4,1,11,9,3,2,2.62
762882,Gimnasia (Mendoza),0.293,247,150,60.7,6,3,,,2,1,17,3,1,4,1.14
762887,Independiente,0.74,523,431,82.4,28,8,,,9,2,7,11,1,2,4.0
762887,Central Córdoba (Santiago del Estero),0.26,192,117,60.9,7,2,,,1,0,15,2,2,4,1.0
762892,Talleres (Córdoba),0.574,363,272,74.9,15,6,,,2,0,12,12,1,5,2.52
762892,San Lorenzo,0.426,271,191,70.5,11,5,,,3,0,10,6,0,5,1.98
762890,Newell's Old Boys,0.381,257,167,65.0,7,2,,,4,0,24,1,3,3,1.0
762890,Rosario Central,0.619,419,330,78.8,11,6,,,2,2,7,8,2,1,2.2
762879,Argentinos Juniors,0.725,584,497,85.1,19,8,,,2,1,8,8,7,4,3.28
762879,Barracas Central,0.275,231,135,58.4,13,5,,,4,1,8,1,1,7,2.14
762889,Instituto (Córdoba),0.632,493,396,80.3,8,2,,,2,1,14,5,0,1,1.08
762889,Unión (Santa Fe),0.368,283,194,68.6,7,3,,,2,2,13,2,1,2,1.22
762883,Defensa y Justicia,0.446,420,342,81.4,13,5,,,1,1,8,4,0,2,2.14
762883,Lanús,0.554,534,454,85.0,10,3,,,2,1,10,5,1,5,1.46
762893,Tigre,0.526,342,254,74.3,21,6,,,5,2,9,9,1,1,3.0
762893,Gimnasia La Plata,0.474,327,240,73.4,5,3,,,0,2,18,2,0,4,1.06
762884,Deportivo Riestra,0.407,268,165,61.6,8,4,,,3,0,14,7,3,3,1.52
762884,Platense,0.593,391,293,74.9,9,3,,,1,0,12,4,2,4,1.38
762885,Estudiantes de La Plata,0.569,415,346,83.4,12,2,,,8,0,13,9,3,0,1.4
762885,Vélez Sarsfield,0.431,316,245,77.5,9,1,,,0,1,16,5,1,2,0.94
762881,Banfield,0.345,234,155,66.2,14,2,,,4,2,14,5,0,0,1.56
762881,Aldosivi,0.655,451,355,78.7,14,0,,,6,0,7,4,1,0,1.12
762888,Independiente Rivadavia,0.299,233,153,65.7,12,5,,,2,1,13,2,4,2,2.06
762888,River Plate,0.701,577,486,84.2,12,3,,,3,1,10,2,4,4,1.62
762891,Sarmiento (Junín),0.528,348,255,73.3,12,3,,,5,1,18,6,1,2,1.62
762891,Estudiantes de Río Cuarto,0.472,307,207,67.4,10,2,,,1,0,12,8,1,2,1.24
762886,Huracán,0.514,396,325,82.1,20,7,,,5,3,12,3,3,1,3.14
762886,Belgrano (Córdoba),0.486,369,300,81.3,9,2,,,1,1,11,3,1,4,1.16
762880,Atlético Tucumán,0.46,282,185,65.6,14,4,,,4,0,9,7,6,1,2.0
762880,Racing Club,0.54,338,262,77.5,11,4,,,4,3,15,6,1,4,1.76
762878,Lanús,0.48,476,390,81.9,9,2,,,2,0,9,8,1,2,1.16
762878,Boca Juniors,0.52,532,441,82.9,11,5,,,2,3,8,1,0,2,1.98
762918,Independiente,0.57,374,277,74.1,13,7,,,2,4,12,7,1,2,2.58
762918,Unión (Santa Fe),0.43,291,195,67.0,9,6,,,0,4,10,3,4,2,2.04
762914,Tigre,0.411,294,199,67.7,16,4,,,2,1,16,4,0,3,2.16
762914,Vélez Sarsfield,0.589,439,340,77.4,9,5,,,3,1,12,3,0,3,1.82
762920,Newell's Old Boys,0.356,240,161,67.1,6,3,,,2,1,17,5,2,6,1.14
762920,Platense,0.644,438,343,78.3,19,7,,,2,1,14,6,0,2,3.06
762921,Sarmiento (Junín),0.518,337,248,73.6,8,3,,,2,0,8,3,3,5,1.3
762921,Racing Club,0.482,313,226,72.2,9,5,,,0,0,14,4,2,3,1.82
762909,Argentinos Juniors,0.584,488,386,79.1,12,2,,,4,0,11,5,4,4,1.4
762909,Rosario Central,0.416,344,263,76.5,11,4,,,3,0,12,5,2,2,1.76
762911,Banfield,0.542,385,312,81.0,18,5,,,6,1,12,8,1,4,2.54
762911,Gimnasia La Plata,0.458,346,263,76.0,13,6,,,2,2,6,3,1,4,2.36
762912,Boca Juniors,0.697,509,429,84.3,11,3,,,0,1,8,1,1,1,1.54
762912,San Lorenzo,0.303,217,141,65.0,4,2,,,0,1,14,2,1,2,0.76
762923,Atlético Tucumán,0.631,415,291,70.1,17,5,,,2,1,10,11,0,0,2.46
762923,Aldosivi,0.369,245,137,55.9,7,1,,,4,1,18,5,1,5,0.78
762919,Independiente Rivadavia,0.729,513,445,86.7,22,11,,,3,1,9,6,3,1,4.18
762919,Barracas Central,0.271,203,125,61.6,8,3,,,2,2,11,1,0,10,1.3
762913,Defensa y Justicia,0.566,422,357,84.6,11,6,,,1,1,14,5,0,4,2.2
762913,Central Córdoba (Santiago del Estero),0.434,326,266,81.6,8,5,,,0,1,10,2,2,5,1.74
762910,Deportivo Riestra,0.553,314,164,52.2,14,7,,,4,0,20,7,1,2,2.66
762910,Gimnasia (Mendoza),0.447,258,149,57.8,7,2,,,2,0,13,2,1,7,1.0
762915,Estudiantes de Río Cuarto,0.536,382,268,70.2,16,2,,,4,0,4,8,1,0,1.72
762915,Belgrano (Córdoba),0.464,350,245,70.0,8,1,,,3,1,10,2,1,2,0.86
762922,Talleres (Córdoba),0.408,295,211,71.5,5,3,,,0,2,10,1,0,5,1.06
762922,Instituto (Córdoba),0.592,410,333,81.2,17,5,,,4,0,18,8,4,1,2.46
762917,Huracán,0.4,286,215,75.2,15,5,,,2,1,11,4,0,5,2.3
762917,River Plate,0.6,438,366,83.6,10,7,,,2,2,10,4,0,4,2.34
762916,Estudiantes de La Plata,0.574,502,427,85.1,17,3,,,8,0,7,7,1,1,2.02
762916,Lanús,0.426,377,309,82.0,7,2,,,3,1,13,5,4,3,1.0
762932,Platense,0.509,379,287,75.7,14,4,,,4,0,11,5,1,4,2.0
762932,Vélez Sarsfield,0.491,371,265,71.4,14,6,,,1,2,9,7,1,4,2.44
762935,Rosario Central,0.714,587,508,86.5,21,6,,,6,2,10,6,0,1,3.0
762935,Banfield,0.286,233,156,67.0,7,2,,,2,1,12,0,2,5,1.0
762928,Gimnasia La Plata,0.486,356,284,79.8,9,3,,,2,2,12,4,1,1,1.38
762928,Independiente Rivadavia,0.514,388,317,81.7,13,3,,,3,3,11,2,0,1,1.7
762926,Belgrano (Córdoba),0.479,283,209,73.9,8,0,,,3,0,17,1,1,2,0.64
762926,Talleres (Córdoba),0.521,312,243,77.9,11,2,,,6,0,16,3,2,0,1.32
762934,River Plate,0.788,692,614,88.7,34,12,,,11,2,11,10,0,1,5.36
762934,Sarmiento (Junín),0.212,186,105,56.5,2,1,,,1,0,15,2,5,10,0.38
762937,Tigre,0.352,288,197,68.4,6,3,,,0,1,15,1,3,3,1.14
762937,Argentinos Juniors,0.648,549,468,85.2,8,3,,,2,1,16,2,3,2,1.3
762938,Unión (Santa Fe),0.394,339,266,78.5,14,3,,,4,1,7,5,3,4,1.78
762938,Boca Juniors,0.606,552,472,85.5,16,6,,,3,1,8,4,0,3,2.6
762924,Aldosivi,0.406,280,188,67.1,12,2,,,4,0,17,4,3,4,1.4
762924,Huracán,0.594,436,344,78.9,14,4,,,3,0,12,4,1,2,2.0
762925,Barracas Central,0.447,349,256,73.4,9,3,,,1,2,8,1,1,3,1.38
762925,Atlético Tucumán,0.553,418,342,81.8,13,3,,,2,1,14,3,3,1,1.7
762936,San Lorenzo,0.527,407,341,83.8,17,6,,,5,2,5,9,1,1,2.68
762936,Defensa y Justicia,0.473,387,322,83.2,11,6,,,1,5,7,2,3,4,2.2
762933,Racing Club,0.562,450,366,81.3,22,3,,,6,2,12,3,4,0,2.42
762933,Estudiantes de Río Cuarto,0.438,364,283,77.7,3,0,,,0,0,13,1,7,1,0.24
762930,Instituto (Córdoba),0.356,226,155,68.6,11,4,,,3,2,20,3,3,3,1.76
762930,Independiente,0.644,403,333,82.6,12,4,,,3,1,12,9,4,2,1.84
762931,Lanús,0.631,565,514,91.0,14,7,,,4,5,12,7,0,2,2.66
762931,Newell's Old Boys,0.369,330,276,83.6,5,2,,,1,0,7,0,0,2,0.84
762927,Central Córdoba (Santiago del Estero),0.516,354,264,74.6,4,2,,,0,1,7,2,1,4,0.76
762927,Deportivo Riestra,0.484,323,211,65.3,11,4,,,6,0,14,3,2,1,1.76
762929,Gimnasia (Mendoza),0.42,314,238,75.8,13,2,,,4,1,10,4,2,4,1.48
762929,Estudiantes de La Plata,0.58,446,364,81.6,10,6,,,1,2,17,3,1,1,2.12
762940,Atlético Tucumán,0.365,270,180,66.7,16,2,,,5,1,12,6,2,1,1.72
762940,Gimnasia La Plata,0.635,474,383,80.8,10,1,,,5,0,14,4,0,1,1.02
762941,Banfield,0.273,190,106,55.8,12,5,,,1,1,14,3,1,4,2.06
762941,Tigre,0.727,513,407,79.3,22,4,,,6,0,12,7,3,4,2.64
762953,Vélez Sarsfield,0.588,491,395,80.4,10,5,,,0,0,12,4,0,6,1.9
762953,Lanús,0.412,340,238,70.0,16,7,,,3,1,18,2,2,5,2.82
762944,Defensa y Justicia,0.361,290,228,78.6,10,6,,,2,2,9,5,3,4,2.12
762944,Unión (Santa Fe),0.639,490,421,85.9,19,4,,,5,0,12,6,1,4,2.4
762951,Newell's Old Boys,0.574,381,326,85.6,16,5,,,6,1,13,6,1,3,2.38
762951,Gimnasia (Mendoza),0.426,289,210,72.7,10,3,,,4,0,15,5,2,4,1.46
762949,Independiente,0.521,363,267,73.6,16,4,,,2,1,8,6,2,2,2.16
762949,Talleres (Córdoba),0.479,347,253,72.9,8,4,,,2,2,16,5,0,3,1.52
762942,Belgrano (Córdoba),0.46,345,255,73.9,13,5,,,4,1,8,8,5,2,2.14
762942,Racing Club,0.54,413,313,75.8,7,4,,,0,2,17,2,4,4,1.44
762952,Sarmiento (Junín),0.41,279,195,69.9,10,4,,,2,2,8,5,3,2,1.68
762952,Aldosivi,0.59,381,297,78.0,12,2,,,3,0,8,7,2,2,1.4
762946,Estudiantes de Río Cuarto,0.429,300,215,71.7,7,1,,,5,0,7,5,2,1,0.78
762946,River Plate,0.571,401,338,84.3,9,3,,,4,2,8,7,1,1,1.38
762943,Boca Juniors,0.686,609,539,88.5,18,5,,,6,2,3,7,0,5,2.54
762943,Instituto (Córdoba),0.314,267,194,72.7,12,5,,,1,0,10,6,2,4,2.06
762939,Argentinos Juniors,0.692,485,380,78.4,22,4,,,7,1,13,4,2,1,2.64
762939,Platense,0.308,218,117,53.7,9,1,,,4,0,14,3,3,3,0.94
762950,Independiente Rivadavia,0.284,212,146,68.9,8,4,,,0,2,14,3,1,2,1.52
762950,Rosario Central,0.716,533,469,88.0,13,3,,,2,0,10,3,2,2,1.7
762947,Estudiantes de La Plata,0.552,415,344,82.9,25,13,,,6,5,10,8,0,1,4.86
762947,Central Córdoba (Santiago del Estero),0.448,338,252,74.6,4,1,,,3,0,13,4,0,7,0.54
762948,Huracán,0.686,532,448,84.2,15,4,,,1,0,9,7,1,1,2.08
762948,Barracas Central,0.314,239,151,63.2,5,1,,,1,0,14,5,1,4,0.62
762945,Deportivo Riestra,0.353,226,127,56.2,9,2,,,3,1,14,2,5,1,1.16
762945,San Lorenzo,0.647,425,320,75.3,7,2,,,1,1,14,4,1,1,1.0
762849,Argentinos Juniors,0.619,576,493,85.6,16,5,,,5,2,10,7,1,0,2.38
762849,Lanús,0.381,350,255,72.9,11,1,,,3,1,14,1,1,3,1.1
762871,Aldosivi,0.256,228,158,69.3,11,5,,,3,0,14,2,1,2,1.98
762871,Argentinos Juniors,0.744,702,618,88.0,5,4,,,0,2,11,7,0,4,1.28
762959,Lanús,0.591,525,443,84.4,12,1,,,5,0,6,1,1,0,1.18
762959,Platense,0.409,371,292,78.7,3,0,,,2,0,11,2,1,1,0.24
762955,Barracas Central,0.468,422,355,84.1,14,3,,,3,1,12,5,0,1,1.78
762955,Sarmiento (Junín),0.532,490,414,84.5,13,3,,,2,2,14,1,1,2,1.7
762964,Tigre,0.487,317,239,75.4,18,7,,,5,0,14,2,0,2,2.98
762964,Independiente Rivadavia,0.513,350,263,75.1,13,4,,,6,2,16,5,1,7,1.92
762963,Talleres (Córdoba),0.479,396,337,85.1,15,1,,,3,0,9,6,3,1,1.42
762963,Boca Juniors,0.521,445,379,85.2,8,2,,,2,1,7,3,3,2,1.08
762956,Gimnasia (Mendoza),0.439,360,286,79.4,16,9,,,2,3,12,4,2,1,3.26
762956,Vélez Sarsfield,0.561,471,375,79.6,11,3,,,2,2,12,0,1,7,1.54
762965,Unión (Santa Fe),0.722,506,424,83.8,26,9,,,7,2,10,9,0,5,4.06
762965,Deportivo Riestra,0.278,201,116,57.7,8,5,,,2,0,17,0,1,7,1.74
762962,San Lorenzo,0.436,340,255,75.0,10,5,,,2,1,14,4,1,5,1.9
762962,Estudiantes de La Plata,0.564,450,372,82.7,13,5,,,1,0,15,4,1,3,2.14
762967,Aldosivi,0.349,241,148,61.4,11,3,,,1,0,16,6,0,2,1.54
762967,Estudiantes de Río Cuarto,0.651,472,374,79.2,13,2,,,5,0,11,10,2,3,1.48
762957,Independiente,0.483,258,157,60.9,8,3,,,4,1,9,6,0,1,1.3
762957,Racing Club,0.517,287,175,61.0,10,1,,,3,0,15,4,1,2,1.02
762961,Rosario Central,0.674,460,384,83.5,18,8,,,1,2,12,5,0,3,3.2
762961,Atlético Tucumán,0.326,217,154,71.0,17,4,,,5,1,13,6,3,6,2.24
762968,Gimnasia La Plata,0.668,562,481,85.6,25,5,,,4,0,6,8,5,2,3.1
762968,Huracán,0.332,281,190,67.6,10,5,,,4,3,19,5,2,5,1.9
762960,River Plate,0.664,524,441,84.2,20,5,,,4,3,15,8,0,3,2.7
762960,Belgrano (Córdoba),0.336,259,184,71.0,9,3,,,2,0,10,1,5,2,1.38
762954,Central Córdoba (Santiago del Estero),0.382,310,215,69.4,6,2,,,1,1,16,3,3,2,0.92
762954,Newell's Old Boys,0.618,513,426,83.0,14,5,,,2,3,10,2,4,1,2.22
762966,Argentinos Juniors,0.672,556,490,88.1,17,7,,,5,3,9,9,1,1,2.9
762966,Banfield,0.328,259,194,74.9,9,3,,,2,2,10,1,1,4,1.38
762958,Instituto (Córdoba),0.391,304,208,68.4,14,3,,,4,2,13,5,0,3,1.78
762958,Defensa y Justicia,0.609,479,401,83.7,9,3,,,0,0,7,5,2,1,1.38
762969,Belgrano (Córdoba),0.692,452,398,88.1,15,1,,,7,1,6,3,1,3,1.42
762969,Aldosivi,0.308,191,133,69.6,9,4,,,0,0,19,2,1,0,1.6
762972,Deportivo Riestra,0.532,332,188,56.6,14,4,,,6,0,12,7,4,5,2.0
762972,Instituto (Córdoba),0.468,307,196,63.8,16,6,,,3,1,15,5,1,4,2.6
762980,Independiente Rivadavia,0.461,336,270,80.4,11,7,,,0,3,13,5,2,0,2.42
762980,Argentinos Juniors,0.539,395,325,82.3,7,1,,,0,1,17,4,2,3,0.78
762981,Estudiantes de La Plata,0.631,487,403,82.8,10,3,,,2,2,17,4,2,1,1.46
762981,Unión (Santa Fe),0.369,285,196,68.8,12,2,,,4,1,14,6,4,1,1.4
762970,Boca Juniors,0.613,558,469,84.1,12,5,,,2,1,7,3,2,0,2.06
762970,Independiente,0.387,350,242,69.1,9,1,,,3,1,17,3,0,4,0.94
762973,Estudiantes de Río Cuarto,0.75,574,495,86.2,16,4,,,3,1,12,6,3,3,2.16
762973,Barracas Central,0.25,193,119,61.7,11,5,,,2,2,20,2,2,3,1.98
762978,Newell's Old Boys,0.44,292,205,70.2,13,3,,,3,0,9,3,0,1,1.7
762978,San Lorenzo,0.56,383,308,80.4,5,1,,,2,0,23,1,0,3,0.62
762977,Platense,0.522,404,309,76.5,12,4,,,2,1,12,5,3,3,1.84
762977,Gimnasia (Mendoza),0.478,372,269,72.3,8,5,,,1,1,15,2,1,3,1.74
762982,Atlético Tucumán,0.493,341,236,69.2,7,1,,,2,0,13,5,2,4,0.78
762982,Tigre,0.507,366,259,70.8,12,4,,,3,0,10,4,0,1,1.84
762983,Huracán,0.43,342,265,77.5,16,8,,,3,3,15,10,1,0,3.04
762983,Rosario Central,0.57,473,399,84.4,7,1,,,3,1,8,3,0,5,0.78
762976,Racing Club,0.496,379,282,74.4,12,4,,,6,0,16,8,7,2,1.84
762976,River Plate,0.504,394,291,73.9,10,4,,,1,2,7,3,1,4,1.68
762971,Defensa y Justicia,0.517,437,377,86.3,17,6,,,0,1,7,6,2,3,2.68
762971,Talleres (Córdoba),0.483,432,351,81.2,8,5,,,0,2,12,2,0,5,1.74
762975,Sarmiento (Junín),0.438,307,214,69.7,11,3,,,1,1,17,3,2,5,1.54
762975,Gimnasia La Plata,0.562,403,309,76.7,17,7,,,5,2,12,7,1,1,2.9
762979,Lanús,0.659,543,472,86.9,18,4,,,8,1,19,5,0,3,2.32
762979,Banfield,0.341,276,215,77.9,12,3,,,3,0,10,1,2,3,1.62
762974,Vélez Sarsfield,0.561,397,308,77.6,21,8,,,4,1,8,4,1,2,3.44
762974,Central Córdoba (Santiago del Estero),0.439,302,207,68.5,11,2,,,3,0,10,4,4,7,1.32
762984,Unión (Santa Fe),0.726,471,383,81.3,28,10,,,8,2,8,15,3,1,4.44
762984,Newell's Old Boys,0.274,188,116,61.7,5,3,,,0,3,14,4,1,8,1.06
762991,Gimnasia La Plata,0.457,327,258,78.9,15,4,,,0,1,12,1,0,4,2.08
762991,Estudiantes de Río Cuarto,0.543,389,303,77.9,14,4,,,1,0,13,4,1,3,2.0
762994,Instituto (Córdoba),0.582,368,295,80.2,16,3,,,5,0,16,7,1,1,1.94
762994,Estudiantes de La Plata,0.418,279,195,69.9,4,2,,,1,1,17,2,0,4,0.76
762993,Independiente,0.498,403,315,78.2,14,6,,,3,3,7,6,3,0,2.44
762993,Defensa y Justicia,0.502,412,331,80.3,9,1,,,2,1,12,5,1,3,0.94
762987,Argentinos Juniors,0.676,533,463,86.9,14,6,,,3,1,5,7,1,0,2.44
762987,Atlético Tucumán,0.324,257,172,66.9,4,0,,,1,0,12,2,1,5,0.32
762986,Aldosivi,0.293,220,125,56.8,8,6,,,0,1,15,1,2,3,1.96
762986,Racing Club,0.707,519,434,83.6,21,4,,,9,1,10,6,3,5,2.56
762995,River Plate,0.679,468,384,82.1,13,3,,,7,0,14,6,0,4,1.7
762995,Boca Juniors,0.321,225,134,59.6,10,5,,,2,1,19,1,2,3,1.9
762996,Rosario Central,0.64,502,424,84.5,22,6,,,10,2,10,4,2,0,3.08
762996,Sarmiento (Junín),0.36,285,201,70.5,5,1,,,0,1,11,4,1,4,0.62
762998,Talleres (Córdoba),0.709,552,461,83.5,15,8,,,2,2,10,4,1,1,2.96
762998,Deportivo Riestra,0.291,212,122,57.5,9,1,,,1,0,13,7,4,6,0.94
762989,Barracas Central,0.322,252,167,66.3,12,2,,,3,0,11,2,0,3,1.4
762989,Belgrano (Córdoba),0.678,552,482,87.3,11,3,,,3,0,7,4,3,2,1.54
762988,Banfield,0.386,245,156,63.7,16,4,,,4,0,12,7,3,2,2.16
762988,Independiente Rivadavia,0.614,402,323,80.3,16,2,,,2,0,8,3,0,4,1.72
762990,Central Córdoba (Santiago del Estero),0.281,206,138,67.0,10,4,,,4,4,12,3,5,5,1.68
762990,Platense,0.719,517,431,83.4,19,7,,,3,3,7,7,0,0,3.06
762997,San Lorenzo,0.523,385,293,76.1,12,5,,,1,0,13,4,3,3,2.06
762997,Vélez Sarsfield,0.477,354,269,76.0,10,3,,,2,0,16,1,0,5,1.46
762992,Gimnasia (Mendoza),0.424,283,201,71.0,19,4,,,9,1,17,6,1,0,2.4
762992,Lanús,0.576,395,314,79.5,8,0,,,3,0,18,1,3,3,0.64
762985,Tigre,0.368,305,224,73.4,9,2,,,2,1,15,0,2,1,1.16
762985,Huracán,0.632,532,450,84.6,5,2,,,2,1,14,3,3,1,0.84
763011,Defensa y Justicia,0.522,408,339,83.1,8,1,,,2,0,5,4,3,3,0.86
763011,Boca Juniors,0.478,381,309,81.1,11,7,,,1,4,11,1,3,1,2.42
763010,Deportivo Riestra,0.312,219,113,51.6,8,4,,,2,2,16,3,1,2,1.52
763010,Independiente,0.688,477,398,83.4,13,2,,,9,0,13,3,2,2,1.48
763009,Estudiantes de Río Cuarto,0.431,310,233,75.2,14,2,,,2,1,12,0,2,2,1.56
763009,Rosario Central,0.569,429,344,80.2,12,4,,,0,2,11,4,0,1,1.84
763005,Lanús,0.658,604,512,84.8,15,5,,,2,0,11,5,0,3,2.3
763005,Central Córdoba (Santiago del Estero),0.342,317,216,68.1,9,3,,,3,0,17,3,0,5,1.38
763012,Platense,0.565,406,316,77.8,23,6,,,9,0,16,8,0,5,3.16
763012,San Lorenzo,0.435,320,233,72.8,10,6,,,1,1,10,4,0,6,2.12
763013,Racing Club,0.502,377,284,75.3,5,1,,,2,1,11,2,1,2,0.62
763013,Barracas Central,0.498,371,292,78.7,17,3,,,5,1,8,3,2,0,2.02
763008,Estudiantes de La Plata,0.547,455,380,83.5,16,3,,,6,0,8,6,2,3,1.94
763008,Talleres (Córdoba),0.453,383,320,83.6,10,3,,,4,0,10,1,2,3,1.46
763002,Sarmiento (Junín),0.477,346,230,66.5,10,4,,,1,1,11,3,2,2,1.68
763002,Tigre,0.523,372,264,71.0,15,2,,,3,0,15,6,0,3,1.64
763001,River Plate,0.703,578,504,87.2,24,6,,,8,3,12,8,0,1,3.24
763001,Aldosivi,0.297,246,167,67.9,5,2,,,0,1,16,1,1,3,0.84
763006,Independiente Rivadavia,0.592,255,192,75.3,23,10,,,6,5,15,11,1,1,4.04
763006,Gimnasia (Mendoza),0.408,183,129,70.5,7,2,,,1,1,18,2,0,5,1.0
763000,Belgrano (Córdoba),0.459,361,266,73.7,7,0,,,1,0,16,3,0,1,0.56
763000,Gimnasia La Plata,0.541,428,348,81.3,6,2,,,2,1,9,6,5,0,0.92
763004,Newell's Old Boys,0.514,386,312,80.8,11,4,,,3,1,10,4,1,3,1.76
763004,Instituto (Córdoba),0.486,366,278,76.0,6,3,,,0,1,11,3,1,3,1.14
762999,Atlético Tucumán,0.53,388,293,75.5,16,7,,,4,1,19,3,2,1,2.82
762999,Banfield,0.47,347,237,68.3,10,2,,,3,1,12,2,3,6,1.24
763003,Vélez Sarsfield,0.575,451,358,79.4,12,6,,,3,2,8,2,0,4,2.28
763003,Unión (Santa Fe),0.425,323,232,71.8,14,6,,,1,2,9,4,3,3,2.44
763007,Huracán,0.455,343,253,73.8,11,4,,,4,1,15,4,1,0,1.76
763007,Argentinos Juniors,0.545,424,343,80.9,5,2,,,1,2,11,5,0,3,0.84
762905,Barracas Central,0.498,434,336,77.4,15,7,,,2,1,10,2,1,4,2.74
762905,Banfield,0.502,426,340,79.8,16,6,,,3,2,7,6,3,7,2.6
762896,Lanús,0.712,580,458,79.0,12,7,,,1,0,14,4,1,2,2.5
762896,Deportivo Riestra,0.288,229,108,47.2,5,2,,,1,0,20,7,2,7,0.84
762907,Central Córdoba (Santiago del Estero),0.352,285,193,67.7,14,4,,,2,1,16,3,2,6,2.0
762907,Boca Juniors,0.648,538,454,84.4,11,8,,,0,2,11,3,1,3,2.64
762901,San Lorenzo,0.578,460,386,83.9,25,7,,,7,1,13,7,1,3,3.54
762901,Independiente,0.422,346,264,76.3,13,5,,,5,2,19,4,2,6,2.14
762902,Unión (Santa Fe),0.622,432,332,76.9,25,7,,,7,1,14,8,4,0,3.54
762902,Talleres (Córdoba),0.378,282,185,65.6,8,1,,,1,1,13,0,1,6,0.86
762897,Platense,0.52,351,269,76.6,18,7,,,2,0,10,7,1,5,2.98
762897,Estudiantes de La Plata,0.48,332,253,76.2,16,8,,,2,2,12,6,4,7,3.04
762904,Aldosivi,0.398,286,189,66.1,18,4,,,5,1,7,5,2,4,2.32
762904,Independiente Rivadavia,0.602,443,347,78.3,15,4,,,4,1,9,7,1,3,2.08
762906,Belgrano (Córdoba),0.526,364,273,75.0,12,6,,,1,4,8,3,2,3,2.28
762906,Sarmiento (Junín),0.474,330,241,73.0,6,3,,,1,0,8,2,6,3,1.14
762894,Gimnasia La Plata,0.355,291,211,72.5,12,2,,,3,2,11,3,0,3,1.4
762894,Argentinos Juniors,0.645,512,441,86.1,14,3,,,6,0,17,11,1,0,1.78
762898,Racing Club,0.637,425,299,70.4,9,1,,,4,0,15,6,2,1,0.94
762898,Huracán,0.363,248,124,50.0,5,1,,,1,0,11,1,3,1,0.62
762900,Rosario Central,0.435,282,217,77.0,15,5,,,3,1,14,3,2,3,2.3
762900,Tigre,0.565,347,266,76.7,17,4,,,7,1,17,11,4,4,2.24
762899,River Plate,0.76,703,609,86.6,19,5,,,6,0,6,6,0,2,2.62
762899,Atlético Tucumán,0.24,220,124,56.4,5,3,,,2,1,16,1,1,5,1.06
762895,Gimnasia (Mendoza),0.405,280,190,67.9,9,3,,,3,2,10,2,0,3,1.38
762895,Defensa y Justicia,0.595,394,306,77.7,11,4,,,0,1,12,7,1,1,1.76
762903,Vélez Sarsfield,0.609,507,433,85.4,15,3,,,4,1,10,7,2,4,1.86
762903,Newell's Old Boys,0.391,331,243,73.4,9,5,,,2,1,12,4,4,2,1.82
762908,Estudiantes de Río Cuarto,0.426,339,243,71.7,9,2,,,1,0,6,3,0,5,1.16
762908,Instituto (Córdoba),0.574,446,369,82.7,22,7,,,5,2,15,8,4,1,3.3
401871432,Talleres (Córdoba),0.556,311,230,74.0,16,2,,,8,0,13,8,1,2,1.72
401871432,Belgrano (Córdoba),0.444,259,181,69.9,14,3,,,5,1,20,3,2,2,1.78
401871437,Boca Juniors,0.688,690,575,83.3,36,11,,,12,2,10,17,2,1,5.3
401871437,Huracán,0.312,335,219,65.4,8,4,,,2,3,15,1,0,10,1.52
401871433,Independiente Rivadavia,0.612,401,295,73.6,18,4,,,4,1,6,5,2,4,2.32
401871433,Unión (Santa Fe),0.388,254,150,59.1,10,6,,,3,2,15,6,0,2,2.12
401871435,Argentinos Juniors,0.484,404,321,79.5,16,8,,,1,2,12,3,1,2,3.04
401871435,Lanús,0.516,420,319,76.0,9,3,,,4,0,16,2,2,6,1.38
401871431,Rosario Central,0.604,444,349,78.6,14,6,,,1,3,11,2,0,3,2.44
401871431,Independiente,0.396,280,198,70.7,6,4,,,0,1,14,3,0,3,1.36
401871434,Estudiantes de La Plata,0.476,357,253,70.9,13,4,,,4,0,1,1,3,1,1.92
401871434,Racing Club,0.524,389,291,74.8,8,2,,,1,1,18,4,3,4,1.08
401871430,River Plate,0.733,705,603,85.5,30,12,,,3,2,14,6,8,2,5.04
401871430,San Lorenzo,0.267,267,154,57.7,5,4,,,0,2,13,2,0,10,1.28
401871436,Vélez Sarsfield,0.713,526,443,84.2,27,5,,,12,0,9,17,2,2,3.26
401871436,Gimnasia La Plata,0.287,232,151,65.1,7,3,,,2,1,13,0,1,5,1.22
401872290,Belgrano (Córdoba),0.535,400,318,79.5,17,8,,,4,2,4,4,2,4,3.12
401872290,Unión (Santa Fe),0.465,344,249,72.4,12,4,,,0,0,8,7,2,6,1.84
401872291,Argentinos Juniors,0.616,636,519,81.6,18,4,,,5,1,14,9,4,4,2.32
401872291,Huracán,0.384,398,264,66.3,11,4,,,2,0,29,2,0,3,1.76
401872179,Rosario Central,0.641,584,468,80.1,19,10,,,3,2,12,3,4,1,3.72
401872179,Racing Club,0.359,339,223,65.8,10,2,,,4,1,24,2,2,7,1.24
401872546,River Plate,0.57,459,359,78.2,18,8,,,7,2,21,7,3,6,3.2
401872546,Gimnasia La Plata,0.43,333,228,68.5,12,6,,,0,0,16,5,2,6,2.28
401872650,River Plate,0.539,366,284,77.6,11,3,,,0,1,17,6,0,1,1.54
401872650,Rosario Central,0.461,321,235,73.2,7,1,,,3,0,19,1,0,2,0.78
401872677,Argentinos Juniors,0.564,547,437,79.9,18,8,,,1,1,17,5,2,2,3.2
401872677,Belgrano (Córdoba),0.436,426,296,69.5,9,3,,,3,1,22,3,4,7,1.38
401873392,River Plate,0.621,419,323,77.1,8,4,,,2,2,7,6,2,3,1.52
401873392,Belgrano (Córdoba),0.379,246,175,71.1,13,6,,,3,3,11,4,3,2,2.36
401841435,Belgrano (Córdoba),0.476,395,331,83.8,13,5,,,3,2,10,6,2,2,2.14
401841435,Rosario Central,0.524,432,369,85.4,10,3,,,1,1,13,6,2,3,1.46
401841437,Sarmiento (Junín),0.448,353,260,73.7,11,3,,,4,2,15,7,1,2,1.54
401841437,Argentinos Juniors,0.552,462,386,83.5,13,5,,,5,3,14,2,2,1,2.14
401841448,Defensa y Justicia,0.715,598,507,84.8,15,5,,,5,1,9,7,2,2,2.3
401841448,Aldosivi,0.285,236,163,69.1,8,3,,,1,1,16,2,3,4,1.3
401841444,Gimnasia (Mendoza),0.631,518,449,86.7,22,8,,,6,1,6,4,0,3,3.52
401841444,Central Córdoba (Santiago del Estero),0.369,302,230,76.2,8,3,,,0,0,13,3,5,7,1.3
401841439,Racing Club,0.567,498,403,80.9,18,7,,,5,2,10,4,0,4,2.98
401841439,Gimnasia La Plata,0.433,373,275,73.7,9,5,,,1,1,12,3,2,5,1.82
401841436,Vélez Sarsfield,0.578,533,431,80.9,8,5,,,0,1,7,1,1,2,1.74
401841436,Instituto (Córdoba),0.422,358,256,71.5,19,2,,,7,0,9,6,1,4,1.96
401841443,Huracán,0.583,481,393,81.7,21,11,,,2,1,11,4,0,1,4.1
401841443,Banfield,0.417,335,247,73.7,5,1,,,1,0,12,2,5,10,0.62
401841440,Platense,0.568,438,349,79.7,16,5,,,5,2,12,6,4,3,2.38
401841440,Unión (Santa Fe),0.432,340,241,70.9,10,4,,,2,2,15,2,0,4,1.68
401841446,Estudiantes de Río Cuarto,0.384,315,232,73.7,8,2,,,2,1,18,4,2,4,1.08
401841446,Tigre,0.616,494,403,81.6,18,4,,,7,0,13,5,0,1,2.32
401841441,Newell's Old Boys,0.329,290,218,75.2,11,4,,,3,1,14,8,3,5,1.76
401841441,Talleres (Córdoba),0.671,588,530,90.1,17,5,,,4,0,12,9,2,3,2.46
401841438,River Plate,0.76,612,521,85.1,15,4,,,2,0,8,3,3,1,2.08
401841438,Barracas Central,0.24,199,102,51.3,4,2,,,0,1,21,1,1,4,0.76
401841442,Lanús,0.499,443,356,80.4,23,10,,,5,1,15,8,2,5,4.04
401841442,San Lorenzo,0.501,450,347,77.1,13,5,,,0,0,13,2,0,9,2.14
401841434,Atlético Tucumán,0.4,227,153,67.4,5,1,,,2,0,13,4,2,3,0.62
401841434,Independiente Rivadavia,0.6,359,283,78.8,9,3,,,2,0,15,6,2,1,1.38
401841445,Estudiantes de La Plata,0.598,378,295,78.0,15,3,,,6,0,15,5,4,3,1.86
401841445,Independiente,0.402,261,170,65.1,14,5,,,3,2,14,5,1,3,2.22
401841447,Deportivo Riestra,0.182,180,90,50.0,6,4,,,1,3,20,2,0,3,1.36
401841447,Boca Juniors,0.818,795,709,89.2,13,3,,,2,0,8,8,0,1,1.7
401841452,San Lorenzo,0.507,446,365,81.8,13,5,,,4,1,11,4,4,3,2.14
401841452,Gimnasia (Mendoza),0.493,430,360,83.7,13,3,,,7,0,14,6,0,4,1.7
401841449,Argentinos Juniors,0.7,639,550,86.1,17,9,,,1,3,7,6,1,4,3.34
401841449,Estudiantes de Río Cuarto,0.3,265,179,67.5,12,4,,,2,0,5,4,0,6,1.84
401841453,Rosario Central,0.593,441,380,86.2,13,1,,,6,0,12,6,5,2,1.26
401841453,Racing Club,0.407,306,226,73.9,5,2,,,1,0,20,2,3,1,0.84
401841461,Barracas Central,0.515,454,371,81.7,10,4,,,2,1,12,1,0,1,1.68
401841461,Aldosivi,0.485,405,308,76.0,9,1,,,5,0,17,8,1,3,0.94
401841458,Defensa y Justicia,0.617,433,329,76.0,12,7,,,0,2,13,5,4,4,2.5
401841458,Deportivo Riestra,0.383,255,130,51.0,18,5,,,3,1,12,3,3,5,2.54
401841457,Gimnasia La Plata,0.259,209,126,60.3,14,3,,,2,1,11,3,0,3,1.78
401841457,River Plate,0.741,617,541,87.7,10,3,,,2,0,11,8,2,1,1.46
401841454,Instituto (Córdoba),0.471,369,281,76.2,16,6,,,3,2,18,5,0,2,2.6
401841454,Platense,0.529,429,353,82.3,15,3,,,6,1,12,4,2,4,1.86
401841455,Independiente Rivadavia,0.355,262,189,72.1,21,7,,,8,2,12,3,5,6,3.22
401841455,Huracán,0.645,481,392,81.5,14,7,,,1,1,8,6,3,5,2.66
401841451,Talleres (Córdoba),0.629,618,533,86.2,20,6,,,2,1,10,8,3,3,2.92
401841451,Vélez Sarsfield,0.371,364,265,72.8,11,6,,,0,3,6,5,0,5,2.2
401841459,Central Córdoba (Santiago del Estero),0.589,519,422,81.3,10,1,,,4,0,10,4,0,1,1.02
401841459,Atlético Tucumán,0.411,368,280,76.1,8,3,,,2,2,13,3,2,1,1.3
401841456,Independiente,0.484,408,322,78.9,12,4,,,3,1,12,7,0,1,1.84
401841456,Newell's Old Boys,0.516,449,350,78.0,2,1,,,0,0,7,2,2,3,0.38
